;Rank;Paritdo;Puntos;Score;Minutos_Jugados;Rebotes;Tipo;Ano
1;2;1;0;-1.1;6:22;1;Regular;1997
2;3;2;1;-1.1;3:16;0;Regular;1997
3;4;3;5;0.7;6:49;0;Regular;1997
4;5;4;10;5.2;17:15;3;Regular;1997
5;6;5;2;1.9;8:25;3;Regular;1997
6;7;6;2;-0.7;5:03;1;Regular;1997
7;8;7;6;5.6;6:06;0;Regular;1997
8;9;8;4;-1.4;7:01;0;Regular;1997
9;10;9;16;10.4;14:29;2;Regular;1997
10;11;10;3;0.7;7:47;2;Regular;1997
11;12;11;11;8.4;20:32;1;Regular;1997
12;15;12;12;4.2;20:52;1;Regular;1997
13;16;13;2;-2.7;19:33;4;Regular;1997
14;17;14;1;0.9;6:35;1;Regular;1997
15;18;15;2;0.3;2:41;1;Regular;1997
16;20;16;8;5.1;13:24;3;Regular;1997
17;22;17;11;8.2;22:02;3;Regular;1997
18;23;18;0;0.3;6:07;1;Regular;1997
19;26;19;5;2.1;9:48;1;Regular;1997
20;27;20;0;2.1;7:49;3;Regular;1997
21;28;21;5;0.9;11:38;1;Regular;1997
22;29;22;0;-1.5;5:12;1;Regular;1997
23;31;23;0;-1.6;6:31;1;Regular;1997
24;32;24;4;4.2;10:29;1;Regular;1997
25;33;25;21;22.0;22:16;5;Regular;1997
26;34;26;16;14.3;28:48:00;5;Regular;1997
27;35;27;8;3.3;23:12;2;Regular;1997
28;36;28;9;3.1;21:32;1;Regular;1997
29;37;29;2;-0.4;7:46;3;Regular;1997
30;38;30;2;-1.2;5:34;0;Regular;1997
31;40;31;21;15.8;32:20:00;2;Regular;1997
32;41;32;6;-0.8;13:24;2;Regular;1997
33;42;33;17;16.0;24:54:00;6;Regular;1997
34;43;34;7;3.4;17:02;1;Regular;1997
35;44;35;12;7.9;31:45:00;3;Regular;1997
36;45;36;19;14.2;29:51:00;4;Regular;1997
37;46;37;13;9.5;24:00:00;3;Regular;1997
38;47;38;6;0.3;22:32;3;Regular;1997
39;48;39;5;2.9;12:40;3;Regular;1997
40;49;40;2;1.2;11:02;2;Regular;1997
41;50;41;9;5.9;20:00;2;Regular;1997
42;51;42;0;-4.6;12:55;1;Regular;1997
43;52;43;10;6.1;23:27;2;Regular;1997
44;53;44;2;0.0;5:15;1;Regular;1997
45;54;45;0;-1.5;3:47;1;Regular;1997
46;57;46;0;-0.7;1:23;0;Regular;1997
47;58;47;10;5.3;21:28;1;Regular;1997
48;59;48;0;-0.4;6:18;2;Regular;1997
49;60;49;8;2.8;17:23;1;Regular;1997
50;61;50;12;12.9;26:02:00;2;Regular;1997
51;62;51;18;12.1;18:17;1;Regular;1997
52;63;52;16;12.8;26:07:00;4;Regular;1997
53;64;53;10;5.3;22:35;5;Regular;1997
54;65;54;8;6.0;10:21;0;Regular;1997
55;66;55;0;-2.1;2:58;1;Regular;1997
56;67;56;0;0.0;2:56;0;Regular;1997
57;68;57;8;4.4;18:44;2;Regular;1997
58;69;58;6;4.0;8:48;1;Regular;1997
59;70;59;19;15.3;32:02:00;1;Regular;1997
60;71;60;20;16.8;42:41:00;8;Regular;1997
61;72;61;9;4.1;12:10;1;Regular;1997
62;73;62;6;5.6;16:28;3;Regular;1997
63;74;63;15;10.7;17:18;0;Regular;1997
64;75;64;13;11.8;21:45;2;Regular;1997
65;76;65;24;16.6;24:42:00;2;Regular;1997
66;77;66;11;4.3;33:27:00;2;Regular;1997
67;78;67;7;3.9;27:59:00;1;Regular;1997
68;79;68;12;12.9;15:30;1;Regular;1997
69;80;69;3;-1.3;15:47;2;Regular;1997
70;81;70;5;3.1;14:46;1;Regular;1997
71;82;71;2;1.7;3:47;1;Regular;1997
72;1;1;2;1.7;0:46;0;Playoffs;1997
73;2;2;6;3.9;4:50;0;Playoffs;1997
74;3;3;22;12.5;26:51:00;4;Playoffs;1997
75;4;4;0;0;5:34;0;Playoffs;1997
76;5;5;3;-0.1;14:28;2;Playoffs;1997
77;6;6;2;0.6;4:28;0;Playoffs;1997
78;7;7;19;14.8;19:22;1;Playoffs;1997
79;8;8;9;-2.1;28:23:00;2;Playoffs;1997
80;9;9;11;3.6;28:35:00;2;Playoffs;1997
81;1;1;23;19.5;32:57:00;3;Regular;1998
82;2;2;4;0.9;21:06;3;Regular;1998
83;3;3;4;-1.1;19:30;1;Regular;1998
84;4;4;25;24.9;23:44;3;Regular;1998
85;8;5;11;5.8;16:13;1;Regular;1998
86;9;6;19;15.1;28:58:00;5;Regular;1998
87;10;7;20;13.2;33:31:00;3;Regular;1998
88;11;8;24;19.4;29:06:00;5;Regular;1998
89;12;9;16;6.2;27:06:00;2;Regular;1998
90;13;10;14;3.6;27:58:00;5;Regular;1998
91;14;11;19;9.7;22:41;2;Regular;1998
92;15;12;6;2.6;18:44;5;Regular;1998
93;16;13;10;7.9;23:58;4;Regular;1998
94;17;14;17;19.3;27:09:00;4;Regular;1998
95;18;15;21;12.1;28:35:00;4;Regular;1998
96;19;16;19;8.9;25:08:00;2;Regular;1998
97;20;17;20;15.5;30:15:00;6;Regular;1998
98;21;18;27;22.5;25:47:00;5;Regular;1998
99;22;19;30;19.9;31:57:00;3;Regular;1998
100;23;20;19;11.7;23:10;6;Regular;1998
101;24;21;33;24.1;29:06:00;3;Regular;1998
102;25;22;19;11.7;30:52:00;2;Regular;1998
103;26;23;13;4.4;26:28:00;1;Regular;1998
104;27;24;19;13.7;26:28:00;5;Regular;1998
105;28;25;16;7.7;26:56:00;1;Regular;1998
106;29;26;17;9.9;25:38:00;0;Regular;1998
107;30;27;12;5.6;28:21:00;4;Regular;1998
108;31;28;12;11.1;24:05:00;3;Regular;1998
109;32;29;20;13.6;31:28:00;6;Regular;1998
110;33;30;16;14.4;24:32:00;2;Regular;1998
111;34;31;17;14.6;20:09;2;Regular;1998
112;35;32;15;10.8;26:43:00;0;Regular;1998
113;36;33;6;0.8;14:22;2;Regular;1998
114;37;34;14;11.6;23:06;3;Regular;1998
115;38;35;21;15.2;26:47:00;5;Regular;1998
116;39;36;16;15.1;31:02:00;2;Regular;1998
117;40;37;25;20.1;34:22:00;5;Regular;1998
118;41;38;18;6.7;33:19:00;4;Regular;1998
119;42;39;26;15.4;34:38:00;5;Regular;1998
120;43;40;22;13.4;29:58:00;3;Regular;1998
121;44;41;20;11.7;26:21:00;4;Regular;1998
122;45;42;26;26.9;28:36:00;4;Regular;1998
123;46;43;17;12.0;30:02:00;4;Regular;1998
124;47;44;11;2.8;22:22;5;Regular;1998
125;48;45;15;12.3;40:45:00;3;Regular;1998
126;49;46;18;10.3;33:09:00;2;Regular;1998
127;50;47;8;4.8;24:01:00;4;Regular;1998
128;51;48;21;22.5;34:43:00;4;Regular;1998
129;52;49;18;12.8;36:43:00;3;Regular;1998
130;53;50;12;6.3;24:41:00;5;Regular;1998
131;54;51;8;-0.3;22:33;3;Regular;1998
132;55;52;14;9.4;25:59:00;3;Regular;1998
133;56;53;14;4.0;26:35:00;5;Regular;1998
134;57;54;4;-0.1;12:21;1;Regular;1998
135;58;55;15;5.4;21:22;3;Regular;1998
136;59;56;7;5.9;21:20;1;Regular;1998
137;60;57;4;1.2;18:37;3;Regular;1998
138;61;58;13;7.8;20:09;2;Regular;1998
139;62;59;6;-2.7;11:41;3;Regular;1998
140;63;60;13;13.7;25:16:00;3;Regular;1998
141;64;61;0;-1.1;13:57;0;Regular;1998
142;65;62;10;9.2;27:48:00;3;Regular;1998
143;66;63;16;14.0;17:58;1;Regular;1998
144;67;64;12;6.0;25:19:00;6;Regular;1998
145;68;65;23;20.4;32:07:00;3;Regular;1998
146;69;66;11;3.9;21:13;1;Regular;1998
147;70;67;2;3.6;26:53:00;0;Regular;1998
148;71;68;15;11.2;22:35;5;Regular;1998
149;72;69;17;13.1;25:27:00;2;Regular;1998
150;73;70;20;13.9;25:08:00;4;Regular;1998
151;74;71;7;2.8;23:03;1;Regular;1998
152;75;72;6;2.3;27:01:00;3;Regular;1998
153;76;73;14;6.5;26:14:00;1;Regular;1998
154;77;74;12;7.7;29:05:00;2;Regular;1998
155;78;75;10;4.6;23:47;1;Regular;1998
156;79;76;15;9.6;25:46:00;1;Regular;1998
157;80;77;19;11.2;28:25:00;4;Regular;1998
158;81;78;17;14.1;26:35:00;7;Regular;1998
159;82;79;25;19.0;36:43:00;2;Regular;1998
160;1;1;15;12.6;27:28:00;1;Playoffs;1998
161;2;2;4;2.5;24:39:00;3;Playoffs;1998
162;3;3;4;0.7;15:46;5;Playoffs;1998
163;4;4;22;15.8;36:25:00;3;Playoffs;1998
164;5;5;4;1.7;16:09;1;Playoffs;1998
165;8;6;0;0.0;3:12;0;Playoffs;1998
166;9;7;7;5.3;11:03;1;Playoffs;1998
167;10;8;16;10.3;31:28:00;4;Playoffs;1998
168;11;9;9;1.3;21:47;2;Playoffs;1998
169;12;10;9;3.3;15:17;0;Playoffs;1998
170;13;11;6;2.8;18:52;1;Playoffs;1998
171;1;1;25;18.4;43:38:00;10;Regular;1999
172;2;2;16;10.9;41:27:00;12;Regular;1999
173;3;3;19;11.5;41:31:00;10;Regular;1999
174;4;4;21;16.2;38:11:00;10;Regular;1999
175;5;5;24;18.6;37:45:00;10;Regular;1999
176;6;6;18;10.6;34:45:00;2;Regular;1999
177;7;7;16;14.6;30:53:00;9;Regular;1999
178;8;8;23;18.4;30:50:00;9;Regular;1999
179;9;9;21;14.6;41:52:00;8;Regular;1999
180;10;10;23;14.1;40:22:00;13;Regular;1999
181;11;11;26;23.9;45:32:00;13;Regular;1999
182;12;12;11;-5.8;35:24:00;5;Regular;1999
183;13;13;7;5.4;24:40:00;6;Regular;1999
184;14;14;22;12.2;33:46:00;4;Regular;1999
185;15;15;18;7.7;39:36:00;5;Regular;1999
186;16;16;10;2.8;26:56:00;4;Regular;1999
187;17;17;32;28.1;42:02:00;5;Regular;1999
188;18;18;20;15.3;43:19:00;5;Regular;1999
189;19;19;24;10.8;37:37:00;4;Regular;1999
190;20;20;16;12.8;28:05:00;2;Regular;1999
191;21;21;9;1.0;27:30:00;4;Regular;1999
192;22;22;18;17.5;41:58:00;4;Regular;1999
193;23;23;29;22.3;42:36:00;10;Regular;1999
194;24;24;21;18.6;38:59:00;9;Regular;1999
195;25;25;14;8.3;36:47:00;4;Regular;1999
196;26;26;23;13.7;40:23:00;2;Regular;1999
197;27;27;38;28.0;44:37:00;3;Regular;1999
198;28;28;21;16.0;36:36:00;2;Regular;1999
199;29;29;25;11.7;38:51:00;3;Regular;1999
200;30;30;26;24.0;39:57:00;0;Regular;1999
201;31;31;29;25.1;39:13:00;5;Regular;1999
202;32;32;20;17.4;33:59:00;3;Regular;1999
203;33;33;18;8.7;40:58:00;3;Regular;1999
204;34;34;17;8.3;38:55:00;2;Regular;1999
205;35;35;26;23.1;36:43:00;2;Regular;1999
206;36;36;15;9.2;35:30:00;2;Regular;1999
207;37;37;18;10.1;42:29:00;2;Regular;1999
208;38;38;18;16.4;36:56:00;3;Regular;1999
209;39;39;25;20.3;44:19:00;5;Regular;1999
210;40;40;20;8.1;39:03:00;0;Regular;1999
211;41;41;17;7.6;42:05:00;5;Regular;1999
212;42;42;17;16.5;36:22:00;4;Regular;1999
213;43;43;27;21.8;40:22:00;5;Regular;1999
214;44;44;22;14.4;45:26:00;6;Regular;1999
215;45;45;11;6.3;38:04:00;4;Regular;1999
216;46;46;9;2.9;34:38:00;5;Regular;1999
217;47;47;15;12.2;37:32:00;6;Regular;1999
218;48;48;28;22.9;43:38:00;6;Regular;1999
219;49;49;17;16.3;39:52:00;4;Regular;1999
220;50;50;11;9.1;21:48;5;Regular;1999
221;1;1;17;14.8;28:32:00;5;Playoffs;1999
222;2;2;19;18;37:51:00;9;Playoffs;1999
223;3;3;13;11.5;34:43:00;9;Playoffs;1999
224;4;4;24;18.5;47:38:00;6;Playoffs;1999
225;5;5;21;14.6;35:50:00;6;Playoffs;1999
226;6;6;28;13.9;47:41:00;8;Playoffs;1999
227;7;7;20;10.4;44:18:00;4;Playoffs;1999
228;8;8;16;7.5;40:27:00;8;Playoffs;1999
229;1;1;19;10.3;29:52:00;6;Regular;2000
230;2;2;23;18.4;34:09:00;8;Regular;2000
231;3;3;15;8.5;25:25:00;3;Regular;2000
232;4;4;21;11.8;30:37:00;1;Regular;2000
233;5;5;27;17.6;41:45:00;6;Regular;2000
234;6;6;14;15.0;39:19:00;6;Regular;2000
235;7;7;26;16.0;35:15:00;5;Regular;2000
236;8;8;18;16.2;30:27:00;3;Regular;2000
237;9;9;30;22.5;40:24:00;7;Regular;2000
238;10;10;28;21.5;44:30:00;7;Regular;2000
239;11;11;26;14.4;40:23:00;3;Regular;2000
240;12;12;27;22.5;45:16:00;4;Regular;2000
241;13;13;18;6.9;35:16:00;5;Regular;2000
242;14;14;25;18.7;41:59:00;9;Regular;2000
243;15;15;18;12.5;40:59:00;6;Regular;2000
244;16;16;29;16.3;37:04:00;9;Regular;2000
245;17;17;26;21.8;36:54:00;10;Regular;2000
246;18;18;13;2.7;35:50:00;10;Regular;2000
247;19;19;31;24.0;42:49:00;6;Regular;2000
248;20;20;30;31.6;36:00:00;7;Regular;2000
249;21;21;22;17.6;43:00:00;4;Regular;2000
250;22;22;18;8.8;39:56:00;7;Regular;2000
251;23;23;22;16.1;39:51:00;3;Regular;2000
252;24;24;15;10.2;41:31:00;14;Regular;2000
253;25;25;25;18.2;41:06:00;13;Regular;2000
254;26;26;28;18.7;36:47:00;4;Regular;2000
255;27;27;26;12.1;44:11:00;7;Regular;2000
256;28;28;23;18.4;32:44:00;2;Regular;2000
257;29;29;17;6.5;41:14:00;4;Regular;2000
258;30;30;19;22.9;40:57:00;7;Regular;2000
259;31;31;13;13.2;25:56:00;4;Regular;2000
260;32;32;29;27.0;41:50:00;9;Regular;2000
261;33;33;24;16.0;33:03:00;5;Regular;2000
262;34;34;21;21.8;41:52:00;5;Regular;2000
263;35;35;26;20.3;33:31:00;7;Regular;2000
264;36;36;11;9.2;44:14:00;3;Regular;2000
265;37;37;18;15.4;39:01:00;3;Regular;2000
266;38;38;21;13.9;39:26:00;4;Regular;2000
267;39;39;21;17.0;39:15:00;7;Regular;2000
268;40;40;17;16.7;31:08:00;6;Regular;2000
269;41;41;31;23.5;35:59:00;4;Regular;2000
270;42;42;22;16.4;35:45:00;7;Regular;2000
271;43;43;27;19.7;41:46:00;6;Regular;2000
272;44;44;22;17.6;40:43:00;5;Regular;2000
273;45;45;15;12.5;38:48:00;7;Regular;2000
274;46;46;22;18.6;29:21:00;1;Regular;2000
275;47;47;30;24.6;38:58:00;4;Regular;2000
276;48;48;40;34.1;43:00:00;10;Regular;2000
277;49;49;22;15.8;43:26:00;9;Regular;2000
278;50;50;7;-0.8;33:16:00;3;Regular;2000
279;51;51;25;19.1;33:09:00;8;Regular;2000
280;52;52;24;19.2;44:05:00;9;Regular;2000
281;53;53;23;12.4;43:16:00;5;Regular;2000
282;54;54;18;14.2;28:01:00;6;Regular;2000
283;55;55;28;26.8;33:13:00;6;Regular;2000
284;56;56;24;21.0;43:58:00;14;Regular;2000
285;57;57;28;25.3;42:35:00;6;Regular;2000
286;58;58;10;5.7;37:20:00;9;Regular;2000
287;59;59;17;17.0;29:10:00;6;Regular;2000
288;61;60;16;13.2;42:11:00;5;Regular;2000
289;62;61;26;16.7;38:43:00;8;Regular;2000
290;63;62;33;25.2;44:57:00;10;Regular;2000
291;64;63;31;29.8;39:46:00;5;Regular;2000
292;65;64;25;19.8;41:26:00;3;Regular;2000
293;66;65;16;11.9;42:46:00;14;Regular;2000
294;67;66;23;14.7;42:38:00;7;Regular;2000
295;1;1;23;14.2;38:39:00;7;Playoffs;2000
296;2;2;32;24.5;36:45:00;4;Playoffs;2000
297;3;3;35;22.6;37:32:00;3;Playoffs;2000
298;4;4;32;14.2;45:48:00;6;Playoffs;2000
299;5;5;17;13.7;33:54:00;2;Playoffs;2000
300;6;6;25;19.7;34:27:00;6;Playoffs;2000
301;7;7;15;11.5;33:47:00;4;Playoffs;2000
302;8;8;25;15.1;47:34:00;5;Playoffs;2000
303;9;9;23;15.0;36:54:00;3;Playoffs;2000
304;10;10;17;8.8;34:07:00;1;Playoffs;2000
305;11;11;13;11.7;38:11:00;3;Playoffs;2000
306;12;12;12;8.2;41:43:00;2;Playoffs;2000
307;13;13;25;22.3;47:44:00;7;Playoffs;2000
308;14;14;18;15.1;45:47:00;4;Playoffs;2000
309;15;15;17;6.8;34:16:00;5;Playoffs;2000
310;16;16;33;25.7;48:00:00;2;Playoffs;2000
311;17;17;25;20.3;46:57:00;11;Playoffs;2000
312;18;18;14;10.5;38:24:00;3;Playoffs;2000
313;19;19;2;3.7;8:55;1;Playoffs;2000
314;21;20;28;18.0;46:49:00;4;Playoffs;2000
315;22;21;8;-0.4;36:44:00;5;Playoffs;2000
316;23;22;26;16.7;44:44:00;10;Playoffs;2000
317;1;1;14;3.0;34:54:00;2;Regular;2001
318;2;2;31;22.1;37:03:00;4;Regular;2001
319;3;3;22;14.1;40:18:00;5;Regular;2001
320;4;4;21;16.5;41:17:00;5;Regular;2001
321;5;5;15;10.1;47:04:00;3;Regular;2001
322;6;6;32;22.8;45:37:00;3;Regular;2001
323;7;7;37;24.9;44:10:00;10;Regular;2001
324;8;8;31;25.5;39:01:00;4;Regular;2001
325;9;9;31;20.1;49:25:00;10;Regular;2001
326;10;10;32;19.7;43:59:00;5;Regular;2001
327;11;11;22;12.9;39:21:00;12;Regular;2001
328;12;12;31;21.2;30:20:00;4;Regular;2001
329;13;13;29;20.7;37:39:00;4;Regular;2001
330;14;14;29;24.2;32:24:00;7;Regular;2001
331;15;15;37;30.5;36:56:00;4;Regular;2001
332;16;16;17;7.3;37:15:00;3;Regular;2001
333;17;17;43;29.6;44:39:00;3;Regular;2001
334;18;18;38;28.2;44:58:00;10;Regular;2001
335;19;19;36;22.6;43:58:00;1;Regular;2001
336;20;20;51;35.7;51:16:00;7;Regular;2001
337;21;21;19;6.6;39:48:00;4;Regular;2001
338;22;22;26;23.5;33:30:00;4;Regular;2001
339;23;23;25;10.7;41:26:00;6;Regular;2001
340;24;24;35;26.5;45:09:00;6;Regular;2001
341;25;25;17;7.4;34:33:00;4;Regular;2001
342;26;26;40;29.5;51:38:00;7;Regular;2001
343;27;27;23;10.5;45:15:00;5;Regular;2001
344;28;28;45;38.1;43:52:00;4;Regular;2001
345;29;29;35;23.2;46:21:00;4;Regular;2001
346;30;30;29;19.8;45:32:00;2;Regular;2001
347;31;31;38;33.3;32:55:00;5;Regular;2001
348;32;32;17;13.1;34:08:00;5;Regular;2001
349;33;33;31;19.0;45:27:00;4;Regular;2001
350;34;34;27;16.9;45:07:00;6;Regular;2001
351;35;35;32;20.9;42:20:00;5;Regular;2001
352;36;36;27;20.3;46:03:00;9;Regular;2001
353;37;37;26;23.4;46:04:00;11;Regular;2001
354;38;38;29;24.2;39:08:00;6;Regular;2001
355;39;39;34;20.4;45:08:00;8;Regular;2001
356;40;40;21;14.4;42:50:00;8;Regular;2001
357;41;41;26;18.0;42:27:00;9;Regular;2001
358;42;42;33;22.5;42:29:00;11;Regular;2001
359;43;43;47;32.3;40:31:00;5;Regular;2001
360;44;44;24;19.8;42:23:00;9;Regular;2001
361;45;45;44;32.0;48:00:00;9;Regular;2001
362;46;46;26;16.5;44:09:00;11;Regular;2001
363;47;47;32;26.4;44:53:00;8;Regular;2001
364;48;48;38;29.5;49:24:00;8;Regular;2001
365;49;49;18;12.5;40:45:00;7;Regular;2001
366;50;50;25;22.9;41:58:00;10;Regular;2001
367;51;51;33;23.7;45:25:00;5;Regular;2001
368;52;52;19;14.0;39:45:00;6;Regular;2001
369;56;53;38;27.9;45:33:00;10;Regular;2001
370;57;54;20;10.1;38:32:00;5;Regular;2001
371;58;55;22;18.4;30:49:00;2;Regular;2001
372;59;56;29;21.3;36:11:00;3;Regular;2001
373;60;57;29;12.6;38:17:00;7;Regular;2001
374;61;58;38;19.8;43:45:00;7;Regular;2001
375;64;59;39;29.2;47:56:00;5;Regular;2001
376;65;60;26;25.6;35:38:00;5;Regular;2001
377;66;61;16;7.6;36:32:00;2;Regular;2001
378;67;62;27;15.3;44:23:00;12;Regular;2001
379;68;63;13;6.2;41:31:00;7;Regular;2001
380;74;64;0;-2.2;11:23;0;Regular;2001
381;79;65;20;20.1;34:56:00;3;Regular;2001
382;80;66;30;25.4;37:25:00;5;Regular;2001
383;81;67;25;17.9;45:00:00;4;Regular;2001
384;82;68;26;23.1;33:15:00;5;Regular;2001
385;1;1;28;23.9;40:58:00;6;Playoffs;2001
386;2;2;25;25.1;34:55:00;3;Playoffs;2001
387;3;3;22;14;42:39:00;4;Playoffs;2001
388;4;4;29;15.4;39:13:00;4;Playoffs;2001
389;5;5;27;19.6;47:07:00;9;Playoffs;2001
390;6;6;36;23.7;38:54:00;7;Playoffs;2001
391;7;7;48;43.3;48:00:00;16;Playoffs;2001
392;8;8;45;28.9;46:53:00;10;Playoffs;2001
393;9;9;28;21;47:20:00;7;Playoffs;2001
394;10;10;36;29.4;39:36:00;9;Playoffs;2001
395;11;11;24;22.1;33:50:00;2;Playoffs;2001
396;12;12;15;2.3;52:05:00;3;Playoffs;2001
397;13;13;31;26.1;47:27:00;8;Playoffs;2001
398;14;14;32;18.3;48:00:00;6;Playoffs;2001
399;15;15;19;17.3;42:41:00;10;Playoffs;2001
400;16;16;26;21.9;43:56:00;12;Playoffs;2001
401;1;1;29;23.2;42:36:00;7;Regular;2002
402;2;2;39;35.1;43:03:00;6;Regular;2002
403;3;3;24;20.8;37:40:00;6;Regular;2002
404;4;4;38;31.1;44:17:00;6;Regular;2002
405;5;5;13;16.7;33:01:00;6;Regular;2002
406;6;6;28;24.5;32:54:00;5;Regular;2002
407;7;7;31;20.3;49:19:00;3;Regular;2002
408;8;8;18;13.1;42:13:00;3;Regular;2002
409;9;9;29;23.0;42:30:00;5;Regular;2002
410;10;10;25;25.7;41:39:00;4;Regular;2002
411;11;11;24;23.1;36:53:00;13;Regular;2002
412;12;12;28;25.8;26:33:00;3;Regular;2002
413;13;13;25;22.5;40:11:00;7;Regular;2002
414;14;14;33;26.4;38:49:00;8;Regular;2002
415;15;15;30;20.1;34:24:00;3;Regular;2002
416;16;16;18;15.5;26:32:00;3;Regular;2002
417;17;17;19;11.7;42:07:00;9;Regular;2002
418;18;18;23;12.0;41:26:00;6;Regular;2002
419;19;19;16;1.3;37:51:00;3;Regular;2002
420;20;20;25;22.3;37:39:00;4;Regular;2002
421;21;21;28;27.7;31:57:00;5;Regular;2002
422;22;22;27;16.7;42:29:00;5;Regular;2002
423;23;23;36;27.1;36:56:00;4;Regular;2002
424;24;24;12;7.3;42:10:00;11;Regular;2002
425;25;25;39;27.1;40:39:00;2;Regular;2002
426;26;26;26;14.6;40:04:00;8;Regular;2002
427;27;27;16;13.4;30:52:00;2;Regular;2002
428;28;28;28;21.5;35:57:00;8;Regular;2002
429;29;29;18;11.5;30:05:00;3;Regular;2002
430;30;30;31;23.9;36:12:00;7;Regular;2002
431;31;31;20;17.3;27:57:00;4;Regular;2002
432;32;32;31;22.8;35:02:00;8;Regular;2002
433;33;33;23;8.9;38:19:00;3;Regular;2002
434;34;34;26;13.9;47:29:00;5;Regular;2002
435;35;35;56;46.3;34:16:00;5;Regular;2002
436;36;36;29;18.1;39:51:00;8;Regular;2002
437;37;37;28;21.8;38:29:00;7;Regular;2002
438;38;38;15;9.3;39:08:00;7;Regular;2002
439;39;39;27;17.4;38:47:00;2;Regular;2002
440;40;40;27;17.8;40:26:00;3;Regular;2002
441;41;41;20;13.1;36:44:00;2;Regular;2002
442;42;42;32;23.8;27:12:00;4;Regular;2002
443;43;43;23;13.9;45:12:00;8;Regular;2002
444;44;44;13;9.5;37:07:00;4;Regular;2002
445;45;45;24;17.6;39:47:00;10;Regular;2002
446;46;46;38;22.9;41:21:00;8;Regular;2002
447;47;47;23;23.7;43:04:00;11;Regular;2002
448;48;48;23;21.9;42:09:00;7;Regular;2002
449;49;49;21;17.0;42:28:00;2;Regular;2002
450;50;50;28;14.6;42:59:00;5;Regular;2002
451;51;51;27;18.8;40:54:00;4;Regular;2002
452;52;52;32;23.6;40:04:00;6;Regular;2002
453;53;53;21;16.5;43:58:00;9;Regular;2002
454;54;54;27;23.3;41:35:00;6;Regular;2002
455;55;55;27;19.1;38:36:00;4;Regular;2002
456;56;56;20;11.7;41:52:00;5;Regular;2002
457;57;57;25;14.0;36:55:00;3;Regular;2002
458;60;58;26;16.4;39:12:00;5;Regular;2002
459;61;59;18;14.2;43:43:00;2;Regular;2002
460;62;60;23;21.0;30:55:00;7;Regular;2002
461;63;61;21;17.2;39:30:00;7;Regular;2002
462;64;62;33;21.5;38:06:00;3;Regular;2002
463;65;63;14;16.2;41:22:00;9;Regular;2002
464;66;64;12;1.3;34:49:00;8;Regular;2002
465;67;65;20;4.1;27:40:00;1;Regular;2002
466;68;66;18;17.5;35:45:00;7;Regular;2002
467;69;67;29;17.7;37:37:00;4;Regular;2002
468;70;68;17;16.6;31:24:00;7;Regular;2002
469;71;69;36;23.9;40:29:00;4;Regular;2002
470;72;70;34;27.3;40:59:00;7;Regular;2002
471;73;71;31;18.3;46:56:00;9;Regular;2002
472;74;72;14;7.9;33:03:00;2;Regular;2002
473;75;73;33;19.3;44:21:00;4;Regular;2002
474;76;74;26;11.0;38:02:00;6;Regular;2002
475;77;75;19;17.9;38:02:00;11;Regular;2002
476;78;76;22;15.5;34:20:00;4;Regular;2002
477;79;77;28;16.3;37:40:00;3;Regular;2002
478;80;78;23;18.9;50:40:00;7;Regular;2002
479;81;79;19;12.7;31:06:00;5;Regular;2002
480;82;80;21;16.0;28:48:00;4;Regular;2002
481;1;1;34;25.3;43:50:00;7;Playoffs;2002
482;2;2;19;8.6;42:48:00;6;Playoffs;2002
483;3;3;25;17.6;44:42:00;4;Playoffs;2002
484;4;4;20;7;38:04:00;2;Playoffs;2002
485;5;5;26;16.5;42:48:00;4;Playoffs;2002
486;6;6;31;20.6;48:00:00;6;Playoffs;2002
487;7;7;28;14.7;43:38:00;7;Playoffs;2002
488;8;8;26;23.3;45:51:00;8;Playoffs;2002
489;9;9;30;19.9;44:19:00;6;Playoffs;2002
490;10;10;22;10.2;40:08:00;6;Playoffs;2002
491;11;11;22;10.5;39:41:00;2;Playoffs;2002
492;12;12;25;12.3;42:19:00;4;Playoffs;2002
493;13;13;30;11.3;45:15:00;5;Playoffs;2002
494;14;14;31;26.4;44:00:00;11;Playoffs;2002
495;15;15;30;24.1;52:33:00;10;Playoffs;2002
496;16;16;22;14.5;43:04:00;3;Playoffs;2002
497;17;17;24;19.5;41:43:00;8;Playoffs;2002
498;18;18;36;24.5;45:32:00;6;Playoffs;2002
499;19;19;25;22.6;43:39:00;6;Playoffs;2002
500;1;1;27;15.4;42:45:00;10;Regular;2003
501;2;2;25;20.0;37:27:00;10;Regular;2003
502;3;3;33;37.6;40:41:00;15;Regular;2003
503;4;4;33;32.9;50:28:00;14;Regular;2003
504;5;5;15;15.5;40:31:00;13;Regular;2003
505;6;6;41;19.0;46:24:00;9;Regular;2003
506;7;7;27;17.9;38:18:00;6;Regular;2003
507;8;8;21;18.9;45:02:00;6;Regular;2003
508;9;9;45;28.9;45:39:00;4;Regular;2003
509;10;10;46;27.6;44:55:00;6;Regular;2003
510;11;11;16;4.5;32:53:00;5;Regular;2003
511;12;12;24;19.1;43:20:00;8;Regular;2003
512;13;13;21;20.0;38:57:00;10;Regular;2003
513;14;14;15;16.5;44:08:00;11;Regular;2003
514;15;15;21;18.3;32:28:00;7;Regular;2003
515;16;16;38;24.7;46:02:00;10;Regular;2003
516;17;17;45;29.6;48:08:00;6;Regular;2003
517;18;18;22;19.6;40:47:00;5;Regular;2003
518;19;19;24;28.4;41:21:00;10;Regular;2003
519;20;20;17;12.2;41:00:00;5;Regular;2003
520;21;21;27;20.2;41:59:00;9;Regular;2003
521;22;22;25;24.6;38:41:00;4;Regular;2003
522;23;23;19;19.9;41:45:00;5;Regular;2003
523;24;24;16;9.1;42:30:00;2;Regular;2003
524;25;25;21;12.9;33:47:00;6;Regular;2003
525;26;26;15;12.8;38:45:00;7;Regular;2003
526;27;27;21;6.2;43:26:00;5;Regular;2003
527;28;28;44;29.9;51:29:00;4;Regular;2003
528;29;29;31;17.7;46:29:00;2;Regular;2003
529;30;30;27;18.4;46:10:00;15;Regular;2003
530;31;31;39;29.6;35:28:00;6;Regular;2003
531;32;32;13;14.5;35:23:00;9;Regular;2003
532;33;33;37;29.0;42:06:00;7;Regular;2003
533;34;34;31;26.1;45:41:00;12;Regular;2003
534;35;35;45;33.7;37:11:00;3;Regular;2003
535;36;36;21;25.0;33:57:00;10;Regular;2003
536;37;37;36;29.4;37:37:00;3;Regular;2003
537;38;38;36;29.1;46:04:00;11;Regular;2003
538;39;39;22;15.9;49:05:00;11;Regular;2003
539;40;40;26;26.3;45:27:00;8;Regular;2003
540;41;41;23;15.8;39:16:00;3;Regular;2003
541;42;42;11;10.2;40:58:00;7;Regular;2003
542;43;43;40;26.5;45:58:00;5;Regular;2003
543;44;44;38;24.8;42:52:00;5;Regular;2003
544;45;45;42;33.5;43:53:00;3;Regular;2003
545;46;46;35;18.4;42:03:00;7;Regular;2003
546;47;47;46;31.7;41:34:00;6;Regular;2003
547;48;48;42;38.3;31:28:00;2;Regular;2003
548;49;49;51;40.5;31:20:00;3;Regular;2003
549;50;50;44;25.1;44:53:00;6;Regular;2003
550;51;51;40;26.0;42:27:00;4;Regular;2003
551;52;52;52;35.8;53:54:00;8;Regular;2003
552;53;53;40;24.6;39:31:00;6;Regular;2003
553;54;54;40;27.2;41:57:00;7;Regular;2003
554;55;55;41;24.8;41:57:00;5;Regular;2003
555;56;56;32;22.4;40:42:00;6;Regular;2003
556;57;57;30;21.4;43:41:00;2;Regular;2003
557;58;58;34;23.8;44:05:00;4;Regular;2003
558;59;59;20;11.4;42:31:00;10;Regular;2003
559;60;60;30;27.1;42:36:00;4;Regular;2003
560;61;61;28;20.7;42:52:00;8;Regular;2003
561;62;62;36;24.2;43:22:00;5;Regular;2003
562;63;63;21;7.7;40:22:00;3;Regular;2003
563;64;64;30;25.2;37:12:00;6;Regular;2003
564;65;65;20;14.9;43:23:00;9;Regular;2003
565;66;66;26;21.0;38:34:00;7;Regular;2003
566;67;67;34;21.4;45:03:00;13;Regular;2003
567;68;68;13;11.2;30:40:00;3;Regular;2003
568;69;69;31;14.7;40:21:00;9;Regular;2003
569;70;70;28;25.5;38:02:00;10;Regular;2003
570;71;71;31;21.0;44:16:00;9;Regular;2003
571;72;72;55;41.5;41:23:00;5;Regular;2003
572;73;73;14;8.8;37:05:00;2;Regular;2003
573;74;74;29;25.9;40:59:00;5;Regular;2003
574;75;75;19;12.4;44:15:00;8;Regular;2003
575;76;76;21;14.4;40:09:00;7;Regular;2003
576;77;77;26;15.4;48:41:00;8;Regular;2003
577;78;78;14;6.2;39:45:00;8;Regular;2003
578;79;79;34;28.2;45:47:00;7;Regular;2003
579;80;80;36;29.2;41:43:00;6;Regular;2003
580;81;81;32;29.9;25:53:00;8;Regular;2003
581;82;82;44;32.0;42:14:00;6;Regular;2003
582;1;1;39;30.7;45:15:00;5;Playoffs;2003
583;2;2;27;13.4;45:34:00;4;Playoffs;2003
584;3;3;30;16.1;50:38:00;7;Playoffs;2003
585;4;4;32;23.5;46:39:00;5;Playoffs;2003
586;5;5;32;27.4;39:59:00;8;Playoffs;2003
587;6;6;31;22;41:48:00;2;Playoffs;2003
588;7;7;37;13.6;45:01:00;4;Playoffs;2003
589;8;8;27;8.5;40:39:00;6;Playoffs;2003
590;9;9;39;27.1;43:20:00;4;Playoffs;2003
591;10;10;35;24.7;40:16:00;7;Playoffs;2003
592;11;11;36;23.8;48:00:00;7;Playoffs;2003
593;12;12;20;6.7;43:26:00;2;Playoffs;2003
594;2;1;15;8.7;36:30:00;6;Regular;2004
595;3;2;21;18.5;35:03:00;4;Regular;2004
596;4;3;31;30.1;40:22:00;7;Regular;2004
597;5;4;37;26.8;48:56:00;5;Regular;2004
598;6;5;11;2.9;36:58:00;4;Regular;2004
599;7;6;19;9.6;33:22:00;4;Regular;2004
600;8;7;19;13.0;37:05:00;3;Regular;2004
601;9;8;16;13.7;37:27:00;3;Regular;2004
602;10;9;27;26.0;32:53:00;4;Regular;2004
603;11;10;19;12.7;40:45:00;2;Regular;2004
604;12;11;21;15.7;33:42:00;2;Regular;2004
605;13;12;28;21.3;36:50:00;5;Regular;2004
606;14;13;28;25.2;31:37:00;3;Regular;2004
607;15;14;22;17.5;25:29:00;4;Regular;2004
608;16;15;17;12.5;30:47:00;2;Regular;2004
609;17;16;12;9.9;35:35:00;2;Regular;2004
610;18;17;21;9.7;46:02:00;6;Regular;2004
611;19;18;32;21.8;37:47:00;6;Regular;2004
612;20;19;19;10.4;40:15:00;6;Regular;2004
613;21;20;21;19.1;41:06:00;6;Regular;2004
614;22;21;15;9.4;40:55:00;7;Regular;2004
615;23;22;35;30.8;41:56:00;5;Regular;2004
616;24;23;13;5.2;30:50:00;3;Regular;2004
617;25;24;10;4.6;39:38:00;6;Regular;2004
618;26;25;23;13.6;37:59:00;5;Regular;2004
619;27;26;23;12.8;43:18:00;8;Regular;2004
620;28;27;11;2.1;35:32:00;5;Regular;2004
621;29;28;32;24.7;36:02:00;6;Regular;2004
622;30;29;44;37.4;39:34:00;10;Regular;2004
623;31;30;20;14.5;38:30:00;10;Regular;2004
624;32;31;27;19.0;37:11:00;3;Regular;2004
625;33;32;26;23.2;30:50:00;5;Regular;2004
626;34;33;10;9.1;17:05;5;Regular;2004
627;35;34;21;17.1;37:31:00;4;Regular;2004
628;36;35;14;5.2;29:01:00;2;Regular;2004
629;37;36;14;10.9;35:36:00;1;Regular;2004
630;38;37;31;27.1;41:20:00;8;Regular;2004
631;39;38;35;32.9;43:39:00;6;Regular;2004
632;40;39;28;27.8;29:15:00;5;Regular;2004
633;41;40;40;36.7;42:04:00;7;Regular;2004
634;42;41;35;31.5;41:09:00;7;Regular;2004
635;43;42;35;24.7;41:32:00;11;Regular;2004
636;44;43;25;27.8;38:27:00;14;Regular;2004
637;45;44;11;8.8;32:40:00;6;Regular;2004
638;47;45;18;14.2;46:17:00;8;Regular;2004
639;48;46;0;-0.4;0:54;0;Regular;2004
640;51;47;18;15.7;40:32:00;5;Regular;2004
641;52;48;16;9.2;37:49:00;11;Regular;2004
642;53;49;35;24.1;38:04:00;8;Regular;2004
643;54;50;38;26.6;44:34:00;3;Regular;2004
644;55;51;27;24.7;39:04:00;9;Regular;2004
645;56;52;27;22.0;39:15:00;7;Regular;2004
646;57;53;22;14.3;38:27:00;5;Regular;2004
647;58;54;36;30.9;36:19:00;6;Regular;2004
648;59;55;35;31.1;36:41:00;9;Regular;2004
649;60;56;34;23.2;40:19:00;6;Regular;2004
650;61;57;23;15.2;34:21:00;3;Regular;2004
651;62;58;26;19.3;45:14:00;7;Regular;2004
652;63;59;25;14.3;39:27:00;1;Regular;2004
653;64;60;28;14.5;44:09:00;6;Regular;2004
654;65;61;12;4.0;42:54:00;6;Regular;2004
655;66;62;33;28.1;45:00:00;6;Regular;2004
656;67;63;8;1.8;41:24:00;5;Regular;2004
657;68;64;45;39.2;43:10:00;7;Regular;2004
658;69;65;37;23.3;53:28:00;8;Regular;2004
659;1;1;16;14.2;43:21:00;5;Playoffs;2004
660;2;2;36;28.0;45:09:00;4;Playoffs;2004
661;3;3;21;18.0;42:57:00;7;Playoffs;2004
662;4;4;18;9.2;50:14:00;6;Playoffs;2004
663;5;5;31;31.1;40:53:00;6;Playoffs;2004
664;6;6;31;20.6;44:35:00;10;Playoffs;2004
665;7;7;15;10.8;42:19:00;5;Playoffs;2004
666;8;8;22;15.9;41:27:00;6;Playoffs;2004
667;9;9;42;36.1;44:33:00;6;Playoffs;2004
668;10;10;22;7.8;46:53:00;4;Playoffs;2004
669;11;11;26;18.4;43:59:00;7;Playoffs;2004
670;12;12;23;15.7;44:29:00;3;Playoffs;2004
671;13;13;27;19.1;41:16:00;5;Playoffs;2004
672;14;14;22;14.8;44:51:00;2;Playoffs;2004
673;15;15;31;20.3;40:39:00;8;Playoffs;2004
674;16;16;23;15.0;44:16:00;6;Playoffs;2004
675;17;17;20;13.2;39:12:00;0;Playoffs;2004
676;18;18;25;16.1;47:14:00;4;Playoffs;2004
677;19;19;33;20.4;48:44:00;4;Playoffs;2004
678;20;20;11;4.4;44:42:00;3;Playoffs;2004
679;21;21;20;3.9;44:46:00;0;Playoffs;2004
680;22;22;24;13.0;45:34:00;3;Playoffs;2004
681;1;1;25;21.6;41:30:00;4;Regular;2005
682;2;2;38;24.6;41:29:00;4;Regular;2005
683;3;3;28;18.0;45:01:00;5;Regular;2005
684;4;4;24;21.3;43:35:00;5;Regular;2005
685;5;5;31;18.5;37:54:00;8;Regular;2005
686;6;6;20;11.8;33:34:00;6;Regular;2005
687;7;7;41;31.6;43:53:00;7;Regular;2005
688;8;8;19;8.4;41:17:00;11;Regular;2005
689;9;9;23;24.3;45:12:00;6;Regular;2005
690;10;10;29;18.7;45:23:00;11;Regular;2005
691;11;11;29;13.8;45:33:00;10;Regular;2005
692;12;12;30;21.4;44:02:00;6;Regular;2005
693;13;13;40;36.6;45:23:00;7;Regular;2005
694;14;14;20;11.4;43:35:00;6;Regular;2005
695;15;15;20;20.3;42:58:00;7;Regular;2005
696;16;16;28;19.5;43:50:00;3;Regular;2005
697;17;17;10;5.0;43:05:00;12;Regular;2005
698;18;18;20;12.2;45:19:00;14;Regular;2005
699;19;19;37;23.3;45:10:00;10;Regular;2005
700;20;20;23;12.1;41:33:00;8;Regular;2005
701;21;21;35;26.9;44:35:00;9;Regular;2005
702;22;22;31;31.1;41:38:00;6;Regular;2005
703;23;23;36;31.9;50:06:00;10;Regular;2005
704;24;24;11;4.0;44:41:00;6;Regular;2005
705;25;25;29;17.8;44:56:00;5;Regular;2005
706;26;26;42;21.3;49:59:00;3;Regular;2005
707;27;27;48;34.2;45:53:00;2;Regular;2005
708;28;28;42;25.7;36:23:00;5;Regular;2005
709;29;29;17;7.5;34:38:00;5;Regular;2005
710;30;30;32;14.0;47:10:00;3;Regular;2005
711;31;31;27;20.4;45:07:00;5;Regular;2005
712;32;32;31;20.5;40:28:00;1;Regular;2005
713;33;33;16;16.8;40:12:00;5;Regular;2005
714;34;34;2;2.1;6:21;0;Regular;2005
715;35;35;26;16.0;40:36:00;4;Regular;2005
716;36;36;40;33.8;42:50:00;5;Regular;2005
717;37;37;21;14.5;40:35:00;6;Regular;2005
718;38;38;31;21.6;42:51:00;3;Regular;2005
719;39;39;20;16.3;39:47:00;4;Regular;2005
720;40;40;31;20.7;41:41:00;8;Regular;2005
721;41;41;30;21.4;46:22:00;5;Regular;2005
722;42;42;26;12.5;40:25:00;1;Regular;2005
723;43;43;40;32.1;43:37:00;8;Regular;2005
724;44;44;37;26.0;39:15:00;10;Regular;2005
725;45;45;41;32.0;42:45:00;5;Regular;2005
726;46;46;36;28.8;43:48:00;9;Regular;2005
727;47;47;32;25.1;44:10:00;4;Regular;2005
728;48;48;18;11.1;40:54:00;4;Regular;2005
729;49;49;20;10.2;35:27:00;3;Regular;2005
730;50;50;26;20.7;45:29:00;10;Regular;2005
731;51;51;12;7.0;28:30:00;2;Regular;2005
732;52;52;30;20.8;40:28:00;5;Regular;2005
733;53;53;43;31.9;44:01:00;3;Regular;2005
734;54;54;18;11.7;38:41:00;4;Regular;2005
735;55;55;34;22.2;38:52:00;10;Regular;2005
736;56;56;32;24.4;38:25:00;6;Regular;2005
737;57;57;26;23.2;40:25:00;8;Regular;2005
738;58;58;15;8.3;39:48:00;8;Regular;2005
739;59;59;9;4.9;14:10;3;Regular;2005
740;61;60;19;16.9;41:30:00;10;Regular;2005
741;62;61;42;35.6;40:06:00;2;Regular;2005
742;63;62;18;15.6;35:36:00;4;Regular;2005
743;64;63;20;16.8;38:17:00;5;Regular;2005
744;66;64;33;28.9;34:23:00;7;Regular;2005
745;67;65;22;6.6;37:19:00;6;Regular;2005
746;68;66;37;24.1;37:07:00;5;Regular;2005
747;1;1;33;17.7;43:45:00;5;Regular;2006
748;2;2;39;27.8;41:11:00;7;Regular;2006
749;3;3;37;24.7;42:18:00;8;Regular;2006
750;4;4;37;26.7;37:33:00;3;Regular;2006
751;5;5;28;16.2;40:55:00;4;Regular;2006
752;6;6;17;5.7;40:40:00;9;Regular;2006
753;7;7;18;6.0;34:00:00;3;Regular;2006
754;8;8;42;28.3;44:00:00;5;Regular;2006
755;9;9;36;18.2;43:28:00;4;Regular;2006
756;10;10;43;26.5;46:06:00;6;Regular;2006
757;11;11;34;20.7;38:46:00;2;Regular;2006
758;12;12;46;23.6;49:31:00;3;Regular;2006
759;13;13;25;8.4;41:24:00;4;Regular;2006
760;14;14;30;14.1;44:20:00;7;Regular;2006
761;15;15;20;23.2;41:25:00;9;Regular;2006
762;16;16;29;14.4;40:15:00;6;Regular;2006
763;17;17;33;27.2;40:42:00;5;Regular;2006
764;18;18;11;6.3;26:23:00;2;Regular;2006
765;19;19;23;16.0;37:25:00;9;Regular;2006
766;20;20;35;21.2;40:47:00;4;Regular;2006
767;21;21;43;30.3;43:15:00;5;Regular;2006
768;22;22;27;20.4;31:18:00;8;Regular;2006
769;23;23;41;33.3;36:54:00;8;Regular;2006
770;24;24;24;19.9;37:47:00;2;Regular;2006
771;25;25;62;49.7;32:53:00;8;Regular;2006
772;26;26;21;16.4;39:19:00;2;Regular;2006
773;27;27;37;22.2;44:17:00;8;Regular;2006
774;28;28;31;13.5;38:06:00;5;Regular;2006
775;29;29;45;27.1;46:35:00;7;Regular;2006
776;32;30;48;33.5;35:20:00;10;Regular;2006
777;33;31;50;34.1;45:21:00;8;Regular;2006
778;34;32;45;30.1;44:50:00;10;Regular;2006
779;35;33;41;28.2;44:28:00;2;Regular;2006
780;36;34;27;13.3;37:10:00;2;Regular;2006
781;37;35;38;26.8;41:10:00;7;Regular;2006
782;38;36;37;27.9;40:54:00;3;Regular;2006
783;39;37;51;35.0;44:07:00;9;Regular;2006
784;40;38;37;18.1;40:21:00;2;Regular;2006
785;41;39;81;63.5;41:56:00;6;Regular;2006
786;42;40;30;16.5;49:11:00;5;Regular;2006
787;43;41;39;24.1;42:25:00;6;Regular;2006
788;44;42;40;32.5;33:53:00;3;Regular;2006
789;45;43;26;17.4;35:26:00;5;Regular;2006
790;46;44;35;29.6;41:03:00;9;Regular;2006
791;47;45;35;17.9;37:42:00;6;Regular;2006
792;48;46;24;11.2;42:22:00;4;Regular;2006
793;49;47;32;30.0;45:15:00;3;Regular;2006
794;50;48;26;11.8;45:33:00;4;Regular;2006
795;51;49;23;20.9;36:02:00;4;Regular;2006
796;52;50;39;27.4;46:44:00;3;Regular;2006
797;53;51;27;25.2;42:23:00;6;Regular;2006
798;54;52;36;30.9;36:26:00;6;Regular;2006
799;55;53;39;25.3;43:36:00;4;Regular;2006
800;56;54;40;30.5;40:02:00;8;Regular;2006
801;57;55;28;25.8;43:53:00;4;Regular;2006
802;58;56;35;22.2;41:25:00;6;Regular;2006
803;59;57;42;25.8;41:54:00;4;Regular;2006
804;60;58;40;28.1;36:10:00;5;Regular;2006
805;61;59;43;28.5;40:56:00;6;Regular;2006
806;62;60;40;25.9;43:56:00;6;Regular;2006
807;63;61;29;16.3;43:13:00;4;Regular;2006
808;64;62;22;7.5;43:44:00;5;Regular;2006
809;65;63;30;20.1;44:48:00;7;Regular;2006
810;66;64;25;14.0;42:28:00;1;Regular;2006
811;67;65;24;11.8;44:52:00;2;Regular;2006
812;68;66;38;25.3;45:00:00;6;Regular;2006
813;69;67;43;28.6;40:37:00;5;Regular;2006
814;70;68;28;20.1;40:40:00;5;Regular;2006
815;71;69;43;27.7;43:37:00;5;Regular;2006
816;72;70;30;20.6;40:44:00;5;Regular;2006
817;73;71;23;6.8;37:04:00;7;Regular;2006
818;74;72;43;22.4;46:03:00;5;Regular;2006
819;75;73;43;31.5;35:57:00;3;Regular;2006
820;76;74;42;23.7;45:45:00;8;Regular;2006
821;77;75;51;36.1;42:16:00;5;Regular;2006
822;78;76;38;26.3;47:21:00;5;Regular;2006
823;79;77;31;22.1;34:15:00;4;Regular;2006
824;80;78;50;39.3;43:50:00;6;Regular;2006
825;81;79;43;34.5;38:36:00;8;Regular;2006
826;82;80;35;27.2;29:05:00;5;Regular;2006
827;1;1;22;11.9;46:51:00;6;Playoffs;2006
828;2;2;29;18.1;44:58:00;10;Playoffs;2006
829;3;3;17;12.4;45:40:00;5;Playoffs;2006
830;4;4;24;15.2;38:30:00;4;Playoffs;2006
831;5;5;29;20;43:03:00;7;Playoffs;2006
832;6;6;50;33.8;52:06:00;8;Playoffs;2006
833;7;7;24;13.6;43:06:00;4;Playoffs;2006
834;3;1;23;13.7;41:05:00;4;Regular;2007
835;4;2;15;12.7;39:03:00;4;Regular;2007
836;5;3;17;15.7;35:24:00;4;Regular;2007
837;6;4;32;18.1;36:07:00;3;Regular;2007
838;7;5;19;15.4;35:47:00;3;Regular;2007
839;8;6;21;12.1;38:09:00;6;Regular;2007
840;9;7;31;23.1;40:16:00;11;Regular;2007
841;10;8;18;10.6;40:12:00;4;Regular;2007
842;11;9;40;33.7;38:20:00;5;Regular;2007
843;12;10;27;21.0;40:54:00;5;Regular;2007
844;13;11;19;11.0;42:43:00;6;Regular;2007
845;14;12;27;16.2;41:04:00;2;Regular;2007
846;15;13;52;41.2;34:21:00;4;Regular;2007
847;16;14;29;13.7;39:52:00;5;Regular;2007
848;17;15;21;17.0;21:38;3;Regular;2007
849;18;16;24;19.3;37:03:00;2;Regular;2007
850;20;17;34;23.8;39:25:00;8;Regular;2007
851;21;18;23;10.7;42:54:00;8;Regular;2007
852;22;19;33;26.0;43:33:00;7;Regular;2007
853;23;20;53;38.3;54:01:00;10;Regular;2007
854;24;21;45;39.3;46:47:00;8;Regular;2007
855;25;22;19;5.7;38:00:00;3;Regular;2007
856;26;23;24;20.3;30:18:00;3;Regular;2007
857;27;24;21;18.0;39:57:00;6;Regular;2007
858;28;25;16;5.1;37:55:00;2;Regular;2007
859;29;26;27;18.3;36:23:00;3;Regular;2007
860;30;27;58;32.4;54:28:00;5;Regular;2007
861;31;28;35;31.2;38:29:00;8;Regular;2007
862;32;29;42;35.0;48:07:00;10;Regular;2007
863;33;30;8;6.8;27:36:00;5;Regular;2007
864;34;31;26;19.3;40:57:00;8;Regular;2007
865;35;32;25;23.0;29:45:00;3;Regular;2007
866;36;33;20;10.5;34:03:00;6;Regular;2007
867;37;34;28;26.6;39:39:00;8;Regular;2007
868;38;35;25;18.7;43:47:00;4;Regular;2007
869;39;36;34;25.7;36:12:00;6;Regular;2007
870;40;37;26;13.8;33:30:00;3;Regular;2007
871;41;38;23;18.0;38:50:00;6;Regular;2007
872;42;39;42;30.6;38:52:00;8;Regular;2007
873;43;40;32;14.3;50:01:00;6;Regular;2007
874;44;41;31;22.9;46:50:00;6;Regular;2007
875;46;42;43;36.5;41:46:00;8;Regular;2007
876;47;43;22;12.2;39:37:00;5;Regular;2007
877;48;44;39;29.6;43:57:00;6;Regular;2007
878;49;45;27;21.8;40:40:00;6;Regular;2007
879;50;46;18;9.9;37:54:00;5;Regular;2007
880;51;47;25;19.8;42:49:00;9;Regular;2007
881;52;48;36;25.3;43:53:00;7;Regular;2007
882;53;49;31;27.3;38:10:00;7;Regular;2007
883;54;50;34;22.3;40:37:00;6;Regular;2007
884;55;51;25;20.3;39:43:00;8;Regular;2007
885;56;52;38;34.8;31:12:00;2;Regular;2007
886;57;53;26;17.7;36:27:00;6;Regular;2007
887;58;54;35;24.7;43:34:00;8;Regular;2007
888;59;55;30;24.6;40:40:00;4;Regular;2007
889;60;56;31;19.1;44:51:00;4;Regular;2007
890;61;57;40;33.0;53:27:00;13;Regular;2007
891;63;58;30;16.3;44:25:00;4;Regular;2007
892;64;59;25;12.3;36:32:00;9;Regular;2007
893;65;60;25;20.9;37:49:00;5;Regular;2007
894;66;61;65;50.9;49:58:00;7;Regular;2007
895;67;62;50;35.4;44:33:00;6;Regular;2007
896;68;63;60;43.2;45:11:00;5;Regular;2007
897;69;64;50;38.2;46:52:00;7;Regular;2007
898;70;65;43;23.3;46:22:00;9;Regular;2007
899;71;66;23;14.6;44:13:00;5;Regular;2007
900;72;67;53;27.6;47:34:00;2;Regular;2007
901;73;68;19;20.6;37:59:00;2;Regular;2007
902;74;69;39;24.5;44:38:00;3;Regular;2007
903;75;70;29;12.4;44:42:00;7;Regular;2007
904;76;71;46;38.3;40:54:00;5;Regular;2007
905;77;72;34;23.8;43:40:00;3;Regular;2007
906;78;73;23;10.3;46:14:00;5;Regular;2007
907;79;74;50;34.9;48:00:00;9;Regular;2007
908;80;75;17;5.5;42:06:00;6;Regular;2007
909;81;76;50;44.4;42:05:00;8;Regular;2007
910;82;77;34;29.8;34:23:00;7;Regular;2007
911;1;1;39;20.1;43:11:00;5;Playoffs;2007
912;2;2;15;11;34:09:00;4;Playoffs;2007
913;3;3;45;34.3;44:49:00;6;Playoffs;2007
914;4;4;31;22.6;46:22:00;7;Playoffs;2007
915;5;5;34;11.8;46:13:00;4;Playoffs;2007
916;1;1;45;27.5;42:40:00;8;Regular;2008
917;2;2;16;13.2;27:57:00;11;Regular;2008
918;3;3;33;25.8;42:41:00;6;Regular;2008
919;4;4;28;21.6;37:22:00;6;Regular;2008
920;5;5;30;25.9;39:41:00;7;Regular;2008
921;6;6;18;15.2;38:25:00;9;Regular;2008
922;7;7;30;21.5;38:27:00;8;Regular;2008
923;8;8;19;13.1;36:53:00;4;Regular;2008
924;9;9;18;11.0;32:21:00;5;Regular;2008
925;10;10;32;26.4;31:05:00;6;Regular;2008
926;11;11;27;19.7;42:43:00;3;Regular;2008
927;12;12;28;15.8;36:45:00;4;Regular;2008
928;13;13;31;25.3;40:30:00;3;Regular;2008
929;14;14;35;27.2;35:23:00;8;Regular;2008
930;15;15;24;21.5;29:51:00;6;Regular;2008
931;16;16;28;18.4;34:43:00;4;Regular;2008
932;17;17;28;17.9;42:09:00;6;Regular;2008
933;18;18;20;16.8;28:56:00;3;Regular;2008
934;19;19;25;21.7;30:46:00;8;Regular;2008
935;20;20;28;22.0;37:45:00;6;Regular;2008
936;21;21;30;24.0;38:05:00;7;Regular;2008
937;22;22;21;9.1;36:40:00;6;Regular;2008
938;23;23;32;22.8;36:19:00;8;Regular;2008
939;24;24;18;12.0;36:23:00;6;Regular;2008
940;25;25;21;11.2;40:02:00;5;Regular;2008
941;26;26;19;10.3;39:11:00;7;Regular;2008
942;27;27;39;33.5;41:25:00;11;Regular;2008
943;28;28;38;28.0;41:20:00;5;Regular;2008
944;29;29;31;26.3;29:26:00;4;Regular;2008
945;30;30;22;6.9;36:59:00;6;Regular;2008
946;31;31;15;11.9;29:10:00;6;Regular;2008
947;32;32;26;17.1;35:43:00;2;Regular;2008
948;33;33;25;17.5;40:16:00;3;Regular;2008
949;34;34;19;19.6;32:59:00;7;Regular;2008
950;35;35;37;30.9;36:48:00;5;Regular;2008
951;36;36;37;30.2;36:06:00;3;Regular;2008
952;37;37;48;26.0;42:12:00;2;Regular;2008
953;38;38;30;22.7;39:10:00;7;Regular;2008
954;39;39;17;17.3;38:31:00;5;Regular;2008
955;40;40;29;14.6;45:05:00;12;Regular;2008
956;41;41;40;33.1;44:56:00;10;Regular;2008
957;42;42;33;25.4;43:01:00;12;Regular;2008
958;43;43;24;18.5;43:34:00;8;Regular;2008
959;44;44;39;24.1;47:15:00;10;Regular;2008
960;45;45;46;38.8;43:55:00;7;Regular;2008
961;46;46;30;23.1;35:10:00;6;Regular;2008
962;47;47;6;0.8;40:23:00;5;Regular;2008
963;48;48;11;7.1;37:02:00;1;Regular;2008
964;49;49;36;24.5;46:08:00;10;Regular;2008
965;50;50;33;27.3;42:05:00;3;Regular;2008
966;51;51;31;26.3;41:00:00;2;Regular;2008
967;52;52;29;24.9;34:47:00;5;Regular;2008
968;53;53;23;23.0;30:19:00;5;Regular;2008
969;54;54;41;30.3;45:44:00;5;Regular;2008
970;55;55;17;12.3;41:33:00;5;Regular;2008
971;56;56;21;24.5;26:05:00;4;Regular;2008
972;57;57;30;21.5;44:42:00;9;Regular;2008
973;58;58;21;20.3;40:35:00;1;Regular;2008
974;59;59;33;20.8;43:26:00;7;Regular;2008
975;60;60;52;39.4;51:24:00;11;Regular;2008
976;61;61;34;21.7;43:09:00;10;Regular;2008
977;62;62;16;15.2;31:09:00;6;Regular;2008
978;63;63;26;18.6;42:14:00;3;Regular;2008
979;64;64;34;31.7;46:38:00;7;Regular;2008
980;65;65;36;24.3;37:55:00;9;Regular;2008
981;66;66;24;3.8;47:04:00;7;Regular;2008
982;67;67;29;21.4;43:32:00;2;Regular;2008
983;68;68;27;17.9;40:43:00;8;Regular;2008
984;69;69;23;18.0;29:49:00;2;Regular;2008
985;70;70;36;27.2;46:23:00;14;Regular;2008
986;71;71;30;18.8;51:55:00;11;Regular;2008
987;72;72;27;14.0;38:55:00;6;Regular;2008
988;73;73;53;39.2;41:52:00;10;Regular;2008
989;74;74;26;20.6;46:45:00;4;Regular;2008
990;75;75;36;38.8;41:28:00;13;Regular;2008
991;76;76;25;24.8;41:41:00;10;Regular;2008
992;77;77;29;24.3;35:56:00;5;Regular;2008
993;78;78;34;22.1;44:41:00;5;Regular;2008
994;79;79;16;9.1;34:35:00;3;Regular;2008
995;80;80;29;28.7;43:07:00;10;Regular;2008
996;81;81;20;15.1;31:57:00;5;Regular;2008
997;82;82;20;14.3;28:54:00;3;Regular;2008
998;1;1;32;18.0;37:03:00;3;Playoffs;2008
999;2;2;49;43.6;42:23:00;4;Playoffs;2008
1000;3;3;22;18.5;36:09:00;7;Playoffs;2008
1001;4;4;31;20.5;41:30:00;7;Playoffs;2008
1002;5;5;38;32.7;39:56:00;6;Playoffs;2008
1003;6;6;34;26.4;37:31:00;8;Playoffs;2008
1004;7;7;34;25.4;42:04:00;6;Playoffs;2008
1005;8;8;33;21.3;46:32:00;8;Playoffs;2008
1006;9;9;26;23.3;41:03:00;6;Playoffs;2008
1007;10;10;34;23.5;39:31:00;8;Playoffs;2008
1008;11;11;27;24.1;43:34:00;5;Playoffs;2008
1009;12;12;22;17.1;36:03:00;5;Playoffs;2008
1010;13;13;30;19.1;37:47:00;5;Playoffs;2008
1011;14;14;28;16.4;41:18:00;10;Playoffs;2008
1012;15;15;39;26.6;42:33:00;3;Playoffs;2008
1013;16;16;24;11.0;41:52:00;3;Playoffs;2008
1014;17;17;30;23.3;40:28:00;4;Playoffs;2008
1015;18;18;36;25.4;45:15:00;7;Playoffs;2008
1016;19;19;17;14.3;43:21:00;4;Playoffs;2008
1017;20;20;25;16.2;44:20:00;7;Playoffs;2008
1018;21;21;22;8.0;42:46:00;3;Playoffs;2008
1019;1;1;23;16.7;32:47:00;11;Regular;2009
1020;2;2;16;10.7;30:44:00;8;Regular;2009
1021;3;3;33;23.7;32:54:00;4;Regular;2009
1022;4;4;27;17.6;36:20:00;2;Regular;2009
1023;5;5;23;16.3;32:59:00;3;Regular;2009
1024;6;6;27;18.5;35:43:00;4;Regular;2009
1025;7;7;20;13.3;38:08:00;4;Regular;2009
1026;8;8;29;17.8;39:17:00;5;Regular;2009
1027;9;9;21;20.3;30:32:00;5;Regular;2009
1028;10;10;24;13.0;32:32:00;5;Regular;2009
1029;11;11;29;24.0;29:42:00;4;Regular;2009
1030;12;12;24;19.7;33:46:00;4;Regular;2009
1031;13;13;12;6.9;27:52:00;6;Regular;2009
1032;14;14;35;26.4;39:45:00;6;Regular;2009
1033;15;15;23;20.8;29:49:00;5;Regular;2009
1034;16;16;28;20.0;37:13:00;7;Regular;2009
1035;17;17;32;23.8;36:33:00;6;Regular;2009
1036;18;18;23;17.7;35:20:00;7;Regular;2009
1037;19;19;20;18.0;30:36:00;5;Regular;2009
1038;20;20;28;15.4;38:13:00;4;Regular;2009
1039;21;21;18;8.6;34:16:00;7;Regular;2009
1040;22;22;32;21.8;39:23:00;7;Regular;2009
1041;23;23;26;16.4;36:35:00;3;Regular;2009
1042;24;24;28;26.7;40:56:00;7;Regular;2009
1043;25;25;28;12.8;35:30:00;3;Regular;2009
1044;26;26;41;28.0;42:35:00;8;Regular;2009
1045;27;27;36;24.2;38:15:00;4;Regular;2009
1046;28;28;26;18.8;37:19:00;6;Regular;2009
1047;29;29;27;19.3;43:04:00;9;Regular;2009
1048;30;30;31;29.4;31:44:00;3;Regular;2009
1049;31;31;40;33.9;38:07:00;7;Regular;2009
1050;32;32;26;16.0;32:50:00;2;Regular;2009
1051;33;33;39;31.2;41:53:00;4;Regular;2009
1052;34;34;21;13.8;39:28:00;5;Regular;2009
1053;35;35;36;31.6;41:56:00;7;Regular;2009
1054;36;36;19;11.5;36:44:00;2;Regular;2009
1055;37;37;33;17.5;42:03:00;7;Regular;2009
1056;38;38;29;25.5;41:38:00;7;Regular;2009
1057;39;39;28;20.6;41:22:00;13;Regular;2009
1058;40;40;20;14.3;40:44:00;6;Regular;2009
1059;41;41;18;17.5;41:23:00;10;Regular;2009
1060;42;42;11;8.8;28:06:00;4;Regular;2009
1061;43;43;22;16.5;32:19:00;4;Regular;2009
1062;44;44;38;27.3;45:13:00;8;Regular;2009
1063;45;45;30;21.8;34:33:00;8;Regular;2009
1064;46;46;25;21.0;35:03:00;1;Regular;2009
1065;47;47;61;47.3;36:48:00;0;Regular;2009
1066;48;48;36;29.4;37:33:00;9;Regular;2009
1067;49;49;26;14.8;45:06:00;10;Regular;2009
1068;50;50;19;10.8;34:36:00;3;Regular;2009
1069;51;51;34;21.6;35:51:00;7;Regular;2009
1070;52;52;37;23.1;36:26:00;4;Regular;2009
1071;53;53;10;4.0;28:40:00;4;Regular;2009
1072;54;54;30;26.6;36:16:00;3;Regular;2009
1073;55;55;39;27.5;44:53:00;5;Regular;2009
1074;56;56;28;18.2;36:40:00;6;Regular;2009
1075;57;57;36;27.0;33:47:00;4;Regular;2009
1076;58;58;22;24.5;26:50:00;4;Regular;2009
1077;59;59;29;13.4;40:02:00;8;Regular;2009
1078;60;60;49;34.6;39:02:00;11;Regular;2009
1079;61;61;31;21.5;29:38:00;2;Regular;2009
1080;62;62;23;17.3;27:56:00;2;Regular;2009
1081;63;63;26;11.8;38:58:00;3;Regular;2009
1082;64;64;37;32.0;39:36:00;5;Regular;2009
1083;65;65;23;14.8;38:01:00;4;Regular;2009
1084;66;66;28;23.4;40:31:00;8;Regular;2009
1085;67;67;11;2.9;32:39:00;5;Regular;2009
1086;68;68;21;8.1;39:20:00;6;Regular;2009
1087;69;69;28;21.0;36:47:00;3;Regular;2009
1088;70;70;19;17.4;29:29:00;3;Regular;2009
1089;71;71;30;28.9;38:01:00;8;Regular;2009
1090;72;72;14;9.2;41:14:00;1;Regular;2009
1091;73;73;17;7.5;37:10:00;8;Regular;2009
1092;74;74;25;11.8;36:28:00;2;Regular;2009
1093;75;75;30;24.9;38:41:00;8;Regular;2009
1094;76;76;20;19.3;38:35:00;1;Regular;2009
1095;77;77;18;11.9;33:41:00;4;Regular;2009
1096;78;78;22;18.3;30:32:00;5;Regular;2009
1097;79;79;33;25.4;34:53:00;3;Regular;2009
1098;80;80;32;16.3;36:02:00;5;Regular;2009
1099;81;81;16;19.1;29:14:00;7;Regular;2009
1100;82;82;16;13.5;26:22:00;1;Regular;2009
1101;1;1;24;18.0;39:46:00;4;Playoffs;2009
1102;2;2;26;23.2;38:16:00;6;Playoffs;2009
1103;3;3;18;8.3;43:08:00;7;Playoffs;2009
1104;4;4;38;28.3;39:37:00;6;Playoffs;2009
1105;5;5;31;22.2;42:30:00;2;Playoffs;2009
1106;6;6;32;19.1;43:57:00;8;Playoffs;2009
1107;7;7;40;30.4;40:09:00;6;Playoffs;2009
1108;8;8;33;25.4;44:15:00;6;Playoffs;2009
1109;9;9;15;13.6;34:39:00;2;Playoffs;2009
1110;10;10;26;16.1;30:49:00;4;Playoffs;2009
1111;11;11;32;20.5;38:26:00;2;Playoffs;2009
1112;12;12;14;14.6;33:21:00;7;Playoffs;2009
1113;13;13;40;29.5;43:21:00;6;Playoffs;2009
1114;14;14;32;24.5;39:42:00;5;Playoffs;2009
1115;15;15;41;33.3;41:13:00;6;Playoffs;2009
1116;16;16;34;24.2;41:12:00;7;Playoffs;2009
1117;17;17;22;15.2;44:54:00;5;Playoffs;2009
1118;18;18;35;33.9;41:34:00;6;Playoffs;2009
1119;19;19;40;33.0;37:58:00;8;Playoffs;2009
1120;20;20;29;17.8;48:30:00;4;Playoffs;2009
1121;21;21;31;16.8;40:16:00;3;Playoffs;2009
1122;22;22;32;20.3;48:52:00;7;Playoffs;2009
1123;23;23;30;26.2;43:18:00;6;Playoffs;2009
1124;1;1;33;26.8;38:20:00;8;Regular;2010
1125;2;2;20;8.9;37:27:00;6;Regular;2010
1126;3;3;41;32.4;37:38:00;8;Regular;2010
1127;4;4;31;18.1;45:41:00;6;Regular;2010
1128;5;5;41;30.6;48:29:00;6;Regular;2010
1129;6;6;41;29.7;33:39:00;4;Regular;2010
1130;7;7;28;13.8;33:42:00;2;Regular;2010
1131;8;8;29;17.9;32:34:00;4;Regular;2010
1132;9;9;19;9.6;33:41:00;3;Regular;2010
1133;10;10;18;7.4;38:38:00;1;Regular;2010
1134;11;11;40;31.1;39:13:00;5;Regular;2010
1135;12;12;21;14.9;37:47:00;9;Regular;2010
1136;13;13;26;23.4;32:16:00;6;Regular;2010
1137;14;14;34;28.1;40:40:00;5;Regular;2010
1138;15;15;20;17.8;32:21:00;6;Regular;2010
1139;16;16;30;25.7;28:40:00;8;Regular;2010
1140;17;17;18;15.8;32:31:00;3;Regular;2010
1141;18;18;33;24.3;42:18:00;7;Regular;2010
1142;19;19;26;21.8;35:54:00;7;Regular;2010
1143;20;20;27;24.9;37:49:00;6;Regular;2010
1144;21;21;20;11.4;34:00:00;5;Regular;2010
1145;22;22;16;6.9;36:43:00;6;Regular;2010
1146;23;23;42;25.1;39:06:00;2;Regular;2010
1147;24;24;39;20.9;49:59:00;7;Regular;2010
1148;25;25;29;23.7;35:02:00;10;Regular;2010
1149;26;26;28;21.4;38:54:00;3;Regular;2010
1150;27;27;40;28.6;43:46:00;8;Regular;2010
1151;28;28;35;22.6;45:08:00;10;Regular;2010
1152;29;29;38;26.1;50:59:00;7;Regular;2010
1153;30;30;34;23.5;36:10:00;7;Regular;2010
1154;31;31;44;38.8;42:52:00;4;Regular;2010
1155;32;32;39;25.9;47:15:00;5;Regular;2010
1156;33;33;15;11.4;32:04:00;3;Regular;2010
1157;34;34;22;8.2;42:55:00;3;Regular;2010
1158;35;35;33;22.3;40:21:00;3;Regular;2010
1159;36;36;32;13.2;40:33:00;7;Regular;2010
1160;37;37;12;0.5;28:30:00;5;Regular;2010
1161;38;38;16;11.2;32:18:00;1;Regular;2010
1162;39;39;10;5.8;35:00:00;2;Regular;2010
1163;40;40;30;21.1;37:11:00;2;Regular;2010
1164;41;41;11;2.5;44:24:00;5;Regular;2010
1165;42;42;31;12.9;39:57:00;2;Regular;2010
1166;43;43;27;15.5;42:06:00;5;Regular;2010
1167;44;44;27;24.2;40:04:00;16;Regular;2010
1168;45;45;26;19.3;37:16:00;4;Regular;2010
1169;46;46;29;30.4;34:57:00;9;Regular;2010
1170;47;47;24;16.7;39:50:00;4;Regular;2010
1171;48;48;19;8.1;44:58:00;3;Regular;2010
1172;49;49;44;28.4;40:10:00;3;Regular;2010
1173;50;50;5;1.8;36:51:00;2;Regular;2010
1174;51;51;33;18.7;39:16:00;9;Regular;2010
1175;57;52;32;31.8;40:01:00;7;Regular;2010
1176;58;53;20;9.2;39:42:00;5;Regular;2010
1177;59;54;19;15.6;42:14:00;4;Regular;2010
1178;60;55;14;12.6;42:58:00;5;Regular;2010
1179;61;56;24;19.8;30:27:00;4;Regular;2010
1180;62;57;39;26.1;45:46:00;2;Regular;2010
1181;63;58;26;13.6;41:55:00;5;Regular;2010
1182;64;59;34;26.4;40:17:00;7;Regular;2010
1183;65;60;32;23.8;37:20:00;6;Regular;2010
1184;66;61;21;13.6;42:20:00;10;Regular;2010
1185;67;62;29;15.5;39:54:00;3;Regular;2010
1186;68;63;30;18.4;41:18:00;9;Regular;2010
1187;69;64;22;23.6;33:53:00;4;Regular;2010
1188;70;65;24;16.0;39:47:00;3;Regular;2010
1189;71;66;24;19.6;42:07:00;4;Regular;2010
1190;72;67;11;-0.4;30:01:00;6;Regular;2010
1191;73;68;17;14.2;36:10:00;9;Regular;2010
1192;74;69;31;24.1;41:27:00;5;Regular;2010
1193;75;70;28;17.4;41:38:00;3;Regular;2010
1194;76;71;25;11.8;36:57:00;6;Regular;2010
1195;77;72;22;10.2;41:13:00;8;Regular;2010
1196;80;73;20;7.5;40:07:00;4;Regular;2010
1197;1;1;21;9.9;41:00:00;2;Playoffs;2010
1198;2;2;39;22.4;40:55:00;5;Playoffs;2010
1199;3;3;24;11.9;41:22:00;4;Playoffs;2010
1200;4;4;12;6.5;32:04:00;3;Playoffs;2010
1201;5;5;13;10.1;29:17:00;3;Playoffs;2010
1202;6;6;32;16.5;35:57:00;7;Playoffs;2010
1203;7;7;31;21.0;36:36:00;3;Playoffs;2010
1204;8;8;30;20.2;42:07:00;5;Playoffs;2010
1205;9;9;35;26.5;43:27:00;4;Playoffs;2010
1206;10;10;32;20.0;42:09:00;3;Playoffs;2010
1207;11;11;40;32.3;35:28:00;5;Playoffs;2010
1208;12;12;21;20.2;43:02:00;5;Playoffs;2010
1209;13;13;36;31.1;42:41:00;9;Playoffs;2010
1210;14;14;38;35.8;44:42:00;7;Playoffs;2010
1211;15;15;30;25.9;42:37:00;11;Playoffs;2010
1212;16;16;37;27.5;40:58:00;6;Playoffs;2010
1213;17;17;30;21.0;38:45:00;7;Playoffs;2010
1214;18;18;21;12.9;34:18:00;5;Playoffs;2010
1215;19;19;29;20.7;43:52:00;7;Playoffs;2010
1216;20;20;33;17.4;43:04:00;6;Playoffs;2010
1217;21;21;38;24.7;43:53:00;5;Playoffs;2010
1218;22;22;26;24.1;39:37:00;11;Playoffs;2010
1219;23;23;23;9.9;44:51:00;15;Playoffs;2010
1220;1;1;27;21.8;37:04:00;5;Regular;2011
1221;2;2;25;16.5;33:54:00;7;Regular;2011
1222;3;3;20;11.5;26:59:00;7;Regular;2011
1223;4;4;23;16.7;25:46:00;5;Regular;2011
1224;5;5;30;28.8;36:28:00;10;Regular;2011
1225;6;6;23;21.9;34:22:00;4;Regular;2011
1226;7;7;12;2.5;24:49:00;2;Regular;2011
1227;8;8;33;19.0;34:45:00;6;Regular;2011
1228;9;9;34;16.6;41:01:00;3;Regular;2011
1229;10;10;25;20.5;38:20:00;9;Regular;2011
1230;11;11;31;20.3;33:18:00;7;Regular;2011
1231;12;12;33;27.9;31:44:00;9;Regular;2011
1232;13;13;23;8.4;31:24:00;8;Regular;2011
1233;14;14;20;16.9;26:39:00;6;Regular;2011
1234;15;15;20;11.3;37:11:00;2;Regular;2011
1235;16;16;31;20.5;33:40:00;3;Regular;2011
1236;17;17;41;23.6;39:50:00;5;Regular;2011
1237;18;18;29;18.7;37:02:00;7;Regular;2011
1238;19;19;27;19.4;31:18:00;4;Regular;2011
1239;20;20;22;16.1;26:32:00;3;Regular;2011
1240;21;21;32;21.9;35:09:00;5;Regular;2011
1241;22;22;24;16.7;30:41:00;2;Regular;2011
1242;23;23;23;17.6;37:47:00;5;Regular;2011
1243;24;24;32;23.7;35:10:00;4;Regular;2011
1244;25;25;24;19.2;23:47;5;Regular;2011
1245;26;26;31;26.7;34:18:00;3;Regular;2011
1246;27;27;9;5.1;35:58:00;4;Regular;2011
1247;28;28;20;14.5;28:19:00;3;Regular;2011
1248;29;29;21;12.7;31:39:00;3;Regular;2011
1249;30;30;17;9.9;40:05:00;6;Regular;2011
1250;31;31;21;3.1;30:54:00;5;Regular;2011
1251;32;32;20;8.9;27:54:00;3;Regular;2011
1252;33;33;33;21.2;35:02:00;4;Regular;2011
1253;34;34;28;16.4;30:48:00;2;Regular;2011
1254;35;35;17;12.9;29:48:00;7;Regular;2011
1255;36;36;24;19.3;35:35:00;7;Regular;2011
1256;37;37;25;18.6;39:29:00;1;Regular;2011
1257;38;38;27;13.1;35:39:00;10;Regular;2011
1258;39;39;13;16.3;24:38:00;5;Regular;2011
1259;40;40;39;31.1;36:27:00;6;Regular;2011
1260;41;41;27;20.5;35:50:00;4;Regular;2011
1261;42;42;27;23.1;36:37:00;9;Regular;2011
1262;43;43;21;16.2;33:11:00;5;Regular;2011
1263;44;44;21;17.2;35:33:00;4;Regular;2011
1264;45;45;18;17.0;32:32:00;6;Regular;2011
1265;46;46;21;18.4;26:05:00;1;Regular;2011
1266;47;47;38;27.8;38:51:00;4;Regular;2011
1267;48;48;41;23.6;38:18:00;3;Regular;2011
1268;49;49;32;25.4;45:08:00;6;Regular;2011
1269;50;50;16;11.7;35:13:00;9;Regular;2011
1270;51;51;32;26.1;43:09:00;9;Regular;2011
1271;52;52;19;11.8;37:41:00;7;Regular;2011
1272;53;53;23;15.5;37:59:00;5;Regular;2011
1273;54;54;33;24.9;28:55:00;10;Regular;2011
1274;55;55;17;11.7;33:12:00;4;Regular;2011
1275;56;56;20;6.2;34:36:00;5;Regular;2011
1276;57;57;17;0.9;38:30:00;12;Regular;2011
1277;58;58;20;18.5;26:29:00;3;Regular;2011
1278;59;59;37;26.2;45:18:00;9;Regular;2011
1279;60;60;24;19.1;26:59:00;2;Regular;2011
1280;61;61;17;6.1;36:53:00;2;Regular;2011
1281;62;62;24;13.7;31:39:00;4;Regular;2011
1282;63;63;27;12.0;30:48:00;2;Regular;2011
1283;64;64;26;19.3;31:18:00;7;Regular;2011
1284;65;65;26;21.5;32:03:00;6;Regular;2011
1285;66;66;24;10.9;39:31:00;2;Regular;2011
1286;67;67;16;10.1;32:56:00;5;Regular;2011
1287;68;68;16;9.8;30:53:00;5;Regular;2011
1288;69;69;18;9.0;28:21:00;4;Regular;2011
1289;70;70;22;13.2;32:41:00;4;Regular;2011
1290;71;71;42;33.8;48:00:00;12;Regular;2011
1291;72;72;37;28.9;34:41:00;4;Regular;2011
1292;73;73;30;22.5;35:35:00;3;Regular;2011
1293;74;74;28;17.2;30:16:00;5;Regular;2011
1294;75;75;21;15.3;30:39:00;5;Regular;2011
1295;76;76;28;17.7;37:42:00;4;Regular;2011
1296;77;77;20;5.6;33:33:00;3;Regular;2011
1297;78;78;25;16.8;31:55:00;2;Regular;2011
1298;79;79;24;9.3;31:57:00;2;Regular;2011
1299;80;80;31;24.6;31:16:00;4;Regular;2011
1300;81;81;27;14.9;36:34:00;6;Regular;2011
1301;82;82;36;31.0;38:11:00;9;Regular;2011
1302;1;1;34;20.6;42:05:00;4;Playoffs;2011
1303;2;2;11;4.5;34:46:00;3;Playoffs;2011
1304;3;3;30;21.7;34:13:00;6;Playoffs;2011
1305;4;4;17;10.8;36:05:00;6;Playoffs;2011
1306;5;5;19;13.3;28:38:00;2;Playoffs;2011
1307;6;6;24;15.9;30:17:00;1;Playoffs;2011
1308;7;7;36;20.3;35:08:00;5;Playoffs;2011
1309;8;8;23;17.9;38:01:00;0;Playoffs;2011
1310;9;9;17;12.6;37:58:00;4;Playoffs;2011
1311;10;10;17;3.4;37:10:00;3;Playoffs;2011
1312;1;1;28;15.0;35:24:00;7;Regular;2012
1313;2;2;29;20.7;38:22:00;5;Regular;2012
1314;3;3;26;21.1;30:51:00;8;Regular;2012
1315;4;4;28;19.8;33:43:00;4;Regular;2012
1316;5;5;17;11.9;33:26:00;10;Regular;2012
1317;6;6;16;-4.4;36:39:00;2;Regular;2012
1318;7;7;37;27.6;36:51:00;8;Regular;2012
1319;8;8;30;18.5;36:03:00;8;Regular;2012
1320;9;9;39;26.9;41:09:00;4;Regular;2012
1321;10;10;26;17.8;38:09:00;2;Regular;2012
1322;11;11;48;36.9;39:07:00;5;Regular;2012
1323;12;12;40;27.0;42:37:00;8;Regular;2012
1324;13;13;42;26.1;40:48:00;5;Regular;2012
1325;14;14;42;31.6;44:22:00;7;Regular;2012
1326;15;15;14;6.5;37:51:00;3;Regular;2012
1327;16;16;24;19.9;41:08:00;5;Regular;2012
1328;17;17;30;22.9;44:22:00;3;Regular;2012
1329;18;18;33;20.2;35:54:00;8;Regular;2012
1330;19;19;24;13.0;38:56:00;7;Regular;2012
1331;20;20;27;22.2;42:03:00;8;Regular;2012
1332;21;21;35;24.7;41:45:00;14;Regular;2012
1333;22;22;24;10.7;27:45:00;3;Regular;2012
1334;23;23;20;14.0;37:37:00;6;Regular;2012
1335;24;24;26;12.6;37:51:00;1;Regular;2012
1336;25;25;28;16.5;43:53:00;5;Regular;2012
1337;26;26;27;17.5;43:41:00;5;Regular;2012
1338;27;27;34;20.2;41:33:00;10;Regular;2012
1339;28;28;27;12.6;34:26:00;2;Regular;2012
1340;29;29;10;-2.4;34:20:00;4;Regular;2012
1341;30;30;36;31.5;35:04:00;9;Regular;2012
1342;31;31;32;16.4;39:51:00;7;Regular;2012
1343;32;32;28;16.8;35:41:00;3;Regular;2012
1344;33;33;15;2.8;37:57:00;5;Regular;2012
1345;34;34;24;12.7;39:32:00;6;Regular;2012
1346;35;35;31;23.0;32:56:00;7;Regular;2012
1347;36;36;38;30.0;36:49:00;8;Regular;2012
1348;37;37;33;20.7;38:54:00;3;Regular;2012
1349;38;38;22;9.6;42:40:00;5;Regular;2012
1350;39;39;30;19.1;40:17:00;5;Regular;2012
1351;40;40;34;19.7;37:54:00;4;Regular;2012
1352;41;41;26;16.9;41:29:00;3;Regular;2012
1353;42;42;34;25.1;51:47:00;9;Regular;2012
1354;43;43;33;23.6;48:38:00;4;Regular;2012
1355;44;44;28;18.1;38:08:00;4;Regular;2012
1356;45;45;15;0.6;37:18:00;6;Regular;2012
1357;46;46;29;17.4;35:11:00;3;Regular;2012
1358;47;47;30;22.7;35:13:00;5;Regular;2012
1359;48;48;18;9.4;36:02:00;5;Regular;2012
1360;49;49;18;11.5;38:27:00;3;Regular;2012
1361;50;50;30;18.8;37:13:00;5;Regular;2012
1362;51;51;23;11.6;40:47:00;9;Regular;2012
1363;52;52;11;2.3;38:19:00;3;Regular;2012
1364;53;53;40;26.2;37:10:00;3;Regular;2012
1365;54;54;24;18.6;35:45:00;7;Regular;2012
1366;55;55;31;26.1;36:40:00;5;Regular;2012
1367;56;56;28;16.4;36:56:00;2;Regular;2012
1368;64;57;18;11.5;29:49:00;2;Regular;2012
1369;65;58;26;16.4;49:10:00;6;Regular;2012
1370;1;1;31;19.9;37:14:00;5;Playoffs;2012
1371;2;2;38;28.2;39:37:00;4;Playoffs;2012
1372;3;3;22;7.9;41:06:00;6;Playoffs;2012
1373;4;4;22;11.5;38:41:00;8;Playoffs;2012
1374;5;5;43;29.7;43:12:00;6;Playoffs;2012
1375;6;6;31;20.3;37:03:00;2;Playoffs;2012
1376;7;7;17;10.6;45:08:00;1;Playoffs;2012
1377;8;8;20;7.5;31:55:00;3;Playoffs;2012
1378;9;9;20;10.6;42:46:00;3;Playoffs;2012
1379;10;10;36;27.6;38:58:00;7;Playoffs;2012
1380;11;11;38;26.7;39:46:00;8;Playoffs;2012
1381;12;12;42;25.6;40:34:00;5;Playoffs;2012
1382;1;1;22;14.7;34:52:00;1;Regular;2013
1383;2;2;30;15.3;38:29:00;6;Regular;2013
1384;3;3;40;28.4;42:55:00;6;Regular;2013
1385;4;4;15;16.1;31:43:00;7;Regular;2013
1386;5;5;29;19.2;37:17:00;5;Regular;2013
1387;6;6;27;23.2;32:43:00;9;Regular;2013
1388;7;7;20;16.9;33:30:00;6;Regular;2013
1389;8;8;28;25.3;38:05:00;4;Regular;2013
1390;9;9;31;22.2;38:26:00;2;Regular;2013
1391;10;10;22;22.0;35:12:00;11;Regular;2013
1392;11;11;25;18.0;38:36:00;4;Regular;2013
1393;12;12;38;24.4;38:46:00;3;Regular;2013
1394;13;13;30;17.4;37:29:00;3;Regular;2013
1395;14;14;19;11.5;33:16:00;3;Regular;2013
1396;15;15;40;21.7;43:44:00;10;Regular;2013
1397;16;16;14;8.1;37:10:00;2;Regular;2013
1398;17;17;34;23.7;38:43:00;7;Regular;2013
1399;18;18;39;22.7;34:53:00;6;Regular;2013
1400;19;19;29;27.3;33:53:00;6;Regular;2013
1401;20;20;35;25.4;43:30:00;3;Regular;2013
1402;21;21;34;20.3;43:03:00;0;Regular;2013
1403;22;22;42;27.2;40:43:00;5;Regular;2013
1404;23;23;31;20.9;44:02:00;10;Regular;2013
1405;24;24;30;20.0;43:36:00;7;Regular;2013
1406;25;25;34;25.1;40:02:00;4;Regular;2013
1407;26;26;30;23.2;43:17:00;6;Regular;2013
1408;27;27;34;15.0;43:39:00;10;Regular;2013
1409;28;28;34;23.5;43:37:00;5;Regular;2013
1410;29;29;40;31.6;44:01:00;4;Regular;2013
1411;30;30;27;21.7;30:40:00;5;Regular;2013
1412;31;31;36;20.7;42:25:00;6;Regular;2013
1413;32;32;38;31.0;43:39:00;0;Regular;2013
1414;33;33;29;19.2;42:12:00;5;Regular;2013
1415;34;34;20;11.8;41:26:00;5;Regular;2013
1416;35;35;27;15.5;38:43:00;4;Regular;2013
1417;36;36;28;17.4;35:03:00;4;Regular;2013
1418;37;37;23;15.2;27:58:00;2;Regular;2013
1419;38;38;31;26.9;36:40:00;2;Regular;2013
1420;39;39;22;3.4;42:55:00;4;Regular;2013
1421;40;40;26;8.6;42:53:00;4;Regular;2013
1422;41;41;16;3.9;41:58:00;4;Regular;2013
1423;42;42;29;18.5;38:34:00;3;Regular;2013
1424;43;43;14;23.0;34:44:00;9;Regular;2013
1425;44;44;21;26.2;38:47:00;9;Regular;2013
1426;45;45;14;16.5;34:23:00;8;Regular;2013
1427;46;46;17;11.3;38:40:00;5;Regular;2013
1428;47;47;17;13.9;38:30:00;12;Regular;2013
1429;48;48;18;10.2;37:05:00;3;Regular;2013
1430;49;49;21;12.7;37:16:00;8;Regular;2013
1431;50;50;27;18.6;29:41:00;7;Regular;2013
1432;51;51;20;17.3;37:33:00;7;Regular;2013
1433;52;52;28;23.0;37:03:00;6;Regular;2013
1434;53;53;4;0.3;35:46:00;5;Regular;2013
1435;54;54;20;17.3;38:39:00;5;Regular;2013
1436;55;55;16;8.6;32:49:00;4;Regular;2013
1437;56;56;40;32.2;35:51:00;7;Regular;2013
1438;57;57;38;31.5;38:16:00;12;Regular;2013
1439;58;58;29;20.2;38:44:00;6;Regular;2013
1440;59;59;33;25.2;31:33:00;5;Regular;2013
1441;60;60;34;21.1;39:00:00;6;Regular;2013
1442;61;61;30;19.0;39:24:00;3;Regular;2013
1443;62;62;42;36.9;41:57:00;7;Regular;2013
1444;63;63;41;32.8;43:47:00;6;Regular;2013
1445;64;64;19;17.8;39:35:00;7;Regular;2013
1446;65;65;11;9.1;36:27:00;7;Regular;2013
1447;66;66;31;14.5;38:12:00;7;Regular;2013
1448;67;67;0;-2.5;12:00;1;Regular;2013
1449;70;68;21;14.5;37:53:00;4;Regular;2013
1450;71;69;36;24.4;41:54:00;8;Regular;2013
1451;72;70;31;20.2;37:47:00;3;Regular;2013
1452;73;71;30;15.6;36:28:00;2;Regular;2013
1453;74;72;19;20.7;47:37:00;9;Regular;2013
1454;75;73;23;24.8;47:04:00;11;Regular;2013
1455;76;74;24;15.5;42:32:00;5;Regular;2013
1456;77;75;25;17.6;47:20:00;7;Regular;2013
1457;78;76;30;26.9;41:06:00;6;Regular;2013
1458;79;77;47;42.8;48:00:00;8;Regular;2013
1459;80;78;34;19.4;44:54:00;5;Regular;2013
1460;20;1;9;1.1;27:56:00;8;Regular;2014
1461;21;2;20;13.6;29:10:00;2;Regular;2014
1462;22;3;4;4.6;23:09;1;Regular;2014
1463;23;4;21;14.0;32:14:00;7;Regular;2014
1464;24;5;8;1.1;32:10:00;3;Regular;2014
1465;25;6;21;14.0;32:38:00;5;Regular;2014
1466;1;1;19;9.4;29:00:00;3;Regular;2015
1467;2;2;31;20.8;27:53:00;4;Regular;2015
1468;3;3;21;14.8;35:16:00;4;Regular;2015
1469;4;4;28;8.7;35:53:00;6;Regular;2015
1470;5;5;39;20.4;44:15:00;9;Regular;2015
1471;6;6;21;10.6;34:17:00;6;Regular;2015
1472;7;7;28;19.9;37:29:00;7;Regular;2015
1473;8;8;33;21.7;36:12:00;4;Regular;2015
1474;9;9;9;2.2;36:25:00;4;Regular;2015
1475;10;10;44;25.0;31:22:00;5;Regular;2015
1476;11;11;28;19.1;36:57:00;4;Regular;2015
1477;12;12;29;17.0;39:32:00;5;Regular;2015
1478;13;13;17;9.4;31:20:00;5;Regular;2015
1479;14;14;27;14.0;43:50:00;6;Regular;2015
1480;15;15;22;12.5;35:16:00;4;Regular;2015
1481;16;16;26;23.8;34:45:00;5;Regular;2015
1482;17;17;31;27.0;41:36:00;11;Regular;2015
1483;18;18;12;7.7;33:26:00;5;Regular;2015
1484;19;19;29;14.3;34:11:00;4;Regular;2015
1485;20;20;22;11.5;32:42:00;3;Regular;2015
1486;21;21;14;3.7;31:59:00;3;Regular;2015
1487;22;22;32;22.0;35:50:00;3;Regular;2015
1488;23;23;22;15.8;40:03:00;5;Regular;2015
1489;24;24;26;15.4;35:09:00;6;Regular;2015
1490;25;25;21;6.7;30:17:00;4;Regular;2015
1491;26;26;9;4.3;34:35:00;8;Regular;2015
1492;27;27;25;3.8;37:52:00;5;Regular;2015
1493;31;28;10;8.5;32:12:00;8;Regular;2015
1494;32;29;23;21.2;31:40:00;11;Regular;2015
1495;33;30;15;14.2;33:08:00;9;Regular;2015
1496;34;31;20;19.2;32:08:00;6;Regular;2015
1497;36;32;4;-1.7;27:47:00;8;Regular;2015
1498;39;33;12;5.6;30:54:00;6;Regular;2015
1499;40;34;19;22.7;31:49:00;6;Regular;2015
1500;43;35;14;6.0;29:52:00;7;Regular;2015
1501;1;1;24;13.9;28:56:00;4;Regular;2016
1502;2;2;13;6.5;22:12;4;Regular;2016
1503;3;3;15;5.7;31:21:00;5;Regular;2016
1504;4;4;11;8.0;29:10:00;2;Regular;2016
1505;5;5;18;7.2;31:02:00;3;Regular;2016
1506;6;6;18;7.8;32:05:00;2;Regular;2016
1507;9;7;19;8.1;32:25:00;5;Regular;2016
1508;10;8;17;11.6;35:43:00;8;Regular;2016
1509;12;9;10;5.8;37:04:00;4;Regular;2016
1510;13;10;18;10.3;31:23:00;4;Regular;2016
1511;14;11;4;-3.6;24:41:00;6;Regular;2016
1512;15;12;21;10.0;34:08:00;2;Regular;2016
1513;16;13;13;3.5;33:29:00;4;Regular;2016
1514;17;14;20;3.9;31:42:00;5;Regular;2016
1515;18;15;31;19.1;35:34:00;2;Regular;2016
1516;19;16;14;6.9;35:20:00;3;Regular;2016
1517;20;17;5;-5.9;25:35:00;3;Regular;2016
1518;21;18;21;14.6;31:49:00;8;Regular;2016
1519;22;19;11;3.1;24:30:00;1;Regular;2016
1520;23;20;12;7.8;28:59:00;6;Regular;2016
1521;24;21;25;27.5;31:09:00;7;Regular;2016
1522;25;22;22;16.6;27:26:00;3;Regular;2016
1523;26;23;22;15.2;32:02:00;8;Regular;2016
1524;28;24;31;23.5;32:11:00;3;Regular;2016
1525;29;25;19;7.0;27:56:00;1;Regular;2016
1526;30;26;12;7.4;26:04:00;3;Regular;2016
1527;31;27;19;9.4;24:00:00;2;Regular;2016
1528;32;28;20;6.8;32:04:00;4;Regular;2016
1529;33;29;15;4.2;33:09:00;11;Regular;2016
1530;37;30;28;17.9;30:56:00;2;Regular;2016
1531;38;31;19;12.2;28:28:00;4;Regular;2016
1532;40;32;7;2.3;15:44;3;Regular;2016
1533;41;33;8;3.7;27:28:00;6;Regular;2016
1534;42;34;5;2.3;14:40;1;Regular;2016
1535;43;35;5;6.2;24:00:00;2;Regular;2016
1536;44;36;15;9.0;31:12:00;4;Regular;2016
1537;45;37;5;1.6;26:34:00;2;Regular;2016
1538;46;38;10;1.6;24:33:00;2;Regular;2016
1539;48;39;10;5.0;25:05:00;4;Regular;2016
1540;50;40;23;20.1;22:58;8;Regular;2016
1541;51;41;38;31.5;33:01:00;5;Regular;2016
1542;52;42;27;21.0;32:07:00;12;Regular;2016
1543;53;43;25;9.9;32:53:00;2;Regular;2016
1544;54;44;19;5.4;33:23:00;5;Regular;2016
1545;55;45;17;8.9;33:05:00;6;Regular;2016
1546;56;46;25;12.8;29:17:00;4;Regular;2016
1547;57;47;22;12.7;27:27:00;4;Regular;2016
1548;58;48;15;8.1;24:27:00;5;Regular;2016
1549;59;49;13;5.7;28:57:00;1;Regular;2016
1550;62;50;5;4.9;10:50;2;Regular;2016
1551;64;51;12;2.7;24:21:00;2;Regular;2016
1552;66;52;26;23.4;32:12:00;5;Regular;2016
1553;67;53;14;4.9;26:50:00;2;Regular;2016
1554;70;54;20;7.6;30:20:00;2;Regular;2016
1555;71;55;17;11.5;27:54:00;3;Regular;2016
1556;72;56;28;15.6;28:42:00;4;Regular;2016
1557;73;57;17;9.6;22:31;1;Regular;2016
1558;74;58;5;0.1;27:44:00;0;Regular;2016
1559;75;59;2;-2.5;8:44;2;Regular;2016
1560;76;60;34;21.7;33:01:00;4;Regular;2016
1561;77;61;6;-1.0;22:15;2;Regular;2016
1562;78;62;17;7.3;27:46:00;3;Regular;2016
1563;79;63;14;7.8;22:13;3;Regular;2016
1564;80;64;35;22.5;27:26:00;2;Regular;2016
1565;81;65;13;4.7;18:57;1;Regular;2016
1566;82;66;60;36.3;42:09:00;4;Regular;2016
